"InvoiceId","Store","Department","SSN","CustomerName","Gender","Address","City","State","PostalCode","PaymentType","CardNumber","Quantity","ProductPrice","Total","Product","SaleDate","SaleTime"
104492,Bergstrom-Senger,"Books, Games & Garden","722-12-3436",Alexys Reilly Sr.,Male,"51593 Funk Burg",Goodwinstad,UT,38890,Visa,"4032-9214-4095-1330",4,41.68,166.72,Incredible Plastic Gloves,2022-05-19,01:52:04
106190,Emard DVM,"Grocery, Games & Home","366-52-3151",Mrs. Beverly Crona,Female,"27773 Glennie Stream",Emardmouth,MI,95442,AMEX,"3104-961704-96849",9,92.65,833.85,Practical Plastic Table,2022-05-07,12:02:35
112726,Witting DVM,"Health, Games & Movies","876-57-9394",Jeremy Nader V,Male,"46432 Reinger Track",West Mylene,MI,37646,MasterCard,"5289-2570-7676-3360",4,39.28,157.12,Awesome Plastic Shirt,2022-02-23,14:43:28
113901,Corkery Sr.,Clothing & Books,"682-69-1192",Tyreek Beier,Female,"97914 Viola Drive",Rutherfordmouth,PA,14074,AMEX,"3550-777344-66874",2,56.20,112.40,Fantastic Concrete Hat,2022-05-20,06:04:58
119509,"Kutch, Hartmann and Runolfsdottir",Health & Jewelery,"634-83-6604",Richard Bednar,Male,"228 Russel Trace",South Rayview,VT,86286,EWallet,"1JLSrCPP2Eza55D1bkVQc5A6unuKFq44un",4,75.64,302.56,Sleek Concrete Shirt,2022-04-11,22:58:54
119599,"Kutch, Hartmann and Runolfsdottir",Health & Toys,"323-64-9815",Mathias Ondricka,Female,"526 Ara Plains",Howellborough,LA,97553,Cash,"",4,60.42,241.68,Intelligent Cotton Gloves,2021-12-12,14:19:13
119812,Hilll-Rolfson,Garden & Shoes,"731-52-1614",Teresa Langosh,Female,"40959 Fleta Hills",South Jacquesport,ME,16332,Visa,"4033-4841-3808-1056",8,13.77,110.16,Awesome Concrete Chair,2022-05-13,21:29:03
129424,Howell-Mraz,Shoes,"791-93-3490",Shad Dickinson IV,Female,"127 Heloise Manor",South Cassidyview,WY,70759,Visa,"4417-9628-8300-5409",6,0.46,2.76,Practical Concrete Gloves,2022-03-06,18:46:00
130342,Emard DVM,"Baby, Sports & Shoes","673-43-6383",Dr. Beth Zulauf,Male,"4565 Johnny Glens",Ryderborough,MT,53538,AMEX,"3966-889695-19608",7,32.85,229.95,Awesome Granite Car,2022-02-23,17:59:18
132917,Emard DVM,"Grocery, Garden & Automotive","232-51-7663",Winnifred Ritchie,Male,"29386 Ernser Rue",Olsonfort,MD,15009,Cash,"",5,18.69,93.45,Practical Wooden Hat,2022-04-13,06:32:03
134904,Pollich-Klocko,"Tools, Beauty & Music","745-26-4947",Alysa Heaney,Female,"23922 Porter Forge",Adalinestad,PA,97258,EWallet,"1PczGZ6bxzRwiLVwopCeoa98FqsLz2KM7t",1,66.48,66.48,Awesome Concrete Shirt,2022-02-20,18:39:31
135600,Hilll-Rolfson,"Books, Games & Music","267-60-1213",Margarita Reichert,Female,"4040 Elna Roads",South Green,OR,22347,AMEX,"3191-949962-86324",10,31.02,310.20,Practical Rubber Shirt,2021-09-14,12:58:09
136070,Witting DVM,"Clothing, Beauty & Health","133-53-4637",Florian Dicki,Male,"92529 Douglas Junctions",Lake Thea,TN,84323,MasterCard,"5598-9028-6728-8533",5,54.18,270.90,Gorgeous Granite Gloves,2022-01-07,02:51:33
136083,Pollich-Klocko,Movies & Home,"648-89-6677",Katheryn Kozey,Female,"90150 Rodriguez Isle",North Tillmantown,IA,19336,Cash,"",3,98.06,294.18,Practical Cotton Shoes,2022-05-06,16:37:47
136736,Corkery Sr.,"Garden, Outdoors & Clothing","162-49-5996",Marquis Brakus,Male,"6659 Maximo Cliff",East Josie,IL,61825,MasterCard,"5824-6175-8917-7963",7,86.91,608.37,Practical Granite Table,2021-11-02,05:03:49
139159,"Kutch, Hartmann and Runolfsdottir","Computers, Outdoors & Automotive","371-16-1340",Maribel Wilderman,Female,"49990 Stiedemann Center",South Angelina,MS,56672,Cash,"",2,22.92,45.84,Incredible Wooden Pants,2021-12-15,19:06:52
139423,Kub-Stroman,"Automotive, Grocery & Sports","719-72-3862",Jeremy Pouros V,Female,"7594 Waelchi Wall",Eudorabury,TX,94651,Cash,"",10,37.98,379.80,Gorgeous Granite Car,2021-09-27,12:47:08
141127,Howell-Mraz,Games,"659-61-4125",Mr. Maxine Cremin,Male,"227 Harvey Walk",Douglasview,GA,71596,Visa,"4232-1998-8060-1746",8,5.99,47.92,Fantastic Steel Chair,2021-07-20,17:44:35
141928,Mueller II,Sports,"899-51-1811",Caleb Champlin,Female,"66086 Guy Haven",Monserrateside,VT,65695,MasterCard,"5237-9936-6075-8618",2,11.33,22.66,Awesome Rubber Pants,2022-02-27,22:28:22
145239,Corkery Sr.,"Books, Sports & Outdoors","343-29-2149",Peter Gutmann,Female,"282 Kamron Crossroad",Lake Kayceeland,NV,46975,MasterCard,"5724-8595-8430-9405",2,99.22,198.44,Rustic Steel Pants,2022-03-03,21:26:29
145389,Kub-Stroman,Books,"365-49-3877",Dolores Cremin,Female,"652 Ellis Row",Lake Jedfurt,PA,68802,MasterCard,"5759-1624-8417-6668",6,19.26,115.56,Awesome Rubber Car,2022-02-17,13:30:27
145672,Witting DVM,Grocery & Movies,"194-39-2524",Raul Pollich,Female,"2633 Cummerata Manors",Amaliafort,FL,72999,MasterCard,"5763-8266-3534-8730",9,72.86,655.74,Gorgeous Concrete Pants,2022-03-30,23:37:12
146645,Bergstrom-Senger,Electronics,"598-80-2863",Roberta Boyer MD,Female,"1214 Noemy Road",North Stuartchester,KY,49696,Visa,"4116-4277-4583-7084",4,76.61,306.44,Practical Wooden Gloves,2022-01-27,22:49:28
147098,Emard DVM,Grocery,"665-27-2948",Kennith Rice,Male,"6119 D'Amore Trafficway",Larsonview,AL,87094,Visa,"4392-2441-8184-7755",7,8.32,58.24,Practical Wooden Hat,2021-12-24,08:08:05
147743,Mueller II,"Shoes, Beauty & Kids","703-60-6822",Juwan Krajcik,Female,"9252 Gretchen Brooks",West Eunafort,HI,87079,Visa,"4263-5911-8314-3047",5,24.70,123.50,Rustic Steel Shoes,2022-05-11,18:52:04
148498,Bergstrom-Senger,"Automotive, Kids & Shoes","899-95-3508",Matt Osinski MD,Male,"58394 Natalie View",Yostmouth,AZ,68353,MasterCard,"5977-5912-1422-8001",7,31.67,221.69,Practical Rubber Shirt,2022-04-30,18:32:04
148526,Emard DVM,"Outdoors, Movies & Beauty","676-85-2992",Donnell Corkery,Male,"66104 Phoebe Fork",West Hannahmouth,MT,35018,EWallet,"13eJPdhK8mct3oxPLbnjjbJh24TNniu9Tj",10,95.13,951.30,Practical Steel Computer,2022-03-31,04:37:55
149225,Corkery Sr.,Health,"502-92-4124",Lucious Grimes,Female,"84791 Daphney Fields",New Jameyview,RI,88030,Visa,"4769-2304-9077-9101",9,39.92,359.28,Small Rubber Shoes,2022-05-06,17:42:05
153064,Howell-Mraz,"Tools, Shoes & Toys","230-14-8795",Afton Rohan,Male,"4399 Greta Gardens",West Waldo,NC,65887,Visa,"4625-4955-9144-5948",9,89.28,803.52,Gorgeous Wooden Table,2021-09-28,12:36:36
153395,Mueller II,"Grocery, Home & Computers","575-37-6046",Ottilie Block,Male,"4034 Esperanza Track",Port Daniela,TN,70751,Cash,"",6,79.78,478.68,Fantastic Steel Car,2022-05-17,22:03:21
153440,Witting DVM,Clothing & Automotive,"653-57-9865",Reggie Olson,Female,"965 Braun Lodge",West Philipton,OH,13950,EWallet,"1794TF7VgRkT1pLRj7JuuSeTYcQxytKqNs",2,82.35,164.70,Awesome Cotton Gloves,2022-01-21,21:16:36
156253,Corkery Sr.,Clothing,"818-79-9182",Raquel Gleichner,Male,"719 Audra Trace",North Timmy,VT,19511,Cash,"",10,62.06,620.60,Practical Cotton Shoes,2022-05-12,03:30:50
157065,Corkery Sr.,Computers & Electronics,"835-18-2562",Alexandria Kuphal,Female,"3567 Kaci Rapid",Quintontown,WY,74788,Cash,"",1,36.47,36.47,Sleek Concrete Pants,2022-03-01,08:08:34
158981,Witting DVM,Beauty & Grocery,"575-19-8961",Martina Nader,Male,"808 Haag Corners",Aliciafurt,NH,79446,Visa,"4009-5573-5266-4170",5,74.58,372.90,Sleek Concrete Table,2022-04-16,22:57:27
163780,Bergstrom-Senger,"Clothing, Music & Games","539-66-3959",Bill Schneider,Female,"598 Blanda Brooks",Port Ebba,AZ,21901,EWallet,"1Mo6vnT8ovcAhDntyrfh7Zb83ZM6takWHU",5,12.98,64.90,Awesome Rubber Gloves,2021-09-02,19:15:36
167236,Witting DVM,Tools & Home,"233-36-8258",Maxine Jerde,Male,"545 Johnathon Cove",Wolffurt,PA,20025,Cash,"",2,50.84,101.68,Fantastic Rubber Table,2022-03-10,03:19:19
167613,Hilll-Rolfson,Garden & Grocery,"860-93-3180",Darrel Lemke II,Female,"40294 Sarai Parks",Janychester,KS,76351,AMEX,"3404-312865-17653",6,90.31,541.86,Practical Rubber Shoes,2022-03-20,09:28:55
172103,Corkery Sr.,Kids,"871-74-3481",Lennie Bernier,Male,"4183 Johnston Bridge",East Antoneburgh,IL,92096,MasterCard,"5263-7944-6900-9582",2,71.32,142.64,Fantastic Concrete Hat,2022-05-23,08:30:50
179310,Kub-Stroman,Shoes,"240-17-2895",Courtney Schneider,Female,"837 Hudson Gateway",Wizaport,IN,59818,AMEX,"3278-120788-91984",6,66.37,398.22,Fantastic Concrete Shoes,2021-12-26,08:07:14
179602,Pollich-Klocko,Sports & Books,"407-53-9497",Miss Ebba Kertzmann,Female,"7666 Jenkins Ridge",South Helene,MS,12573,Visa,"4586-1063-4392-6428",10,44.94,449.40,Small Concrete Gloves,2022-02-19,01:25:08
180062,Kub-Stroman,Shoes & Outdoors,"764-30-7488",Percy Yost,Male,"637 Marjolaine Roads",Simonishaven,KY,68645,Cash,"",10,10.10,101.00,Intelligent Cotton Table,2021-11-07,00:06:35
180220,Bergstrom-Senger,"Shoes, Kids & Toys","832-46-8239",Oscar Schiller,Male,"6367 Leannon Villages",South Xavierport,GA,82920,MasterCard,"5295-5377-6553-4557",8,10.20,81.60,Rustic Rubber Gloves,2021-12-21,18:52:17
182574,Pollich-Klocko,Automotive & Beauty,"475-91-9511",Maya Boyer,Female,"21171 Chaya Avenue",North Clementberg,CA,47111,MasterCard,"5226-1576-3219-1572",9,11.05,99.45,Intelligent Steel Chair,2022-03-30,22:31:44
184506,Bergstrom-Senger,Garden,"865-71-5855",Celestino Bode,Male,"786 Green Brook",North Zanderhaven,TN,54694,MasterCard,"5655-4473-6217-2364",3,10.86,32.58,Intelligent Granite Computer,2022-03-02,03:54:05
184697,Hilll-Rolfson,Sports & Movies,"340-11-2142",Lauryn Shields,Male,"91540 Kristofer Cape",Howetown,MO,61364,MasterCard,"5393-3892-6878-7350",1,95.86,95.86,Rustic Rubber Gloves,2021-11-24,20:39:37
187686,Kub-Stroman,Movies & Games,"968-82-7870",Rahsaan Windler,Female,"7681 Erdman Coves",Ransommouth,MD,56496,MasterCard,"5023-9039-7378-3754",3,56.09,168.27,Small Steel Car,2022-05-18,13:23:34
187759,Emard DVM,"Grocery, Electronics & Garden","116-15-9957",Bridie Dickinson,Male,"834 Marlin Corner",Schroederview,WY,51902,AMEX,"3192-469342-24288",10,72.18,721.80,Incredible Steel Pants,2022-04-04,20:49:23
188274,Bergstrom-Senger,"Health, Jewelery & Home","715-96-1448",Domingo Schiller,Male,"230 Carter Camp",Davisside,TN,31380,EWallet,"18TzkYvYirpt41oUk7v1xA8PyB3WTjfZf7",2,33.43,66.86,Incredible Granite Chair,2022-05-12,02:45:22
189080,Emard DVM,Music & Sports,"587-48-1209",Miss Briana Lowe,Male,"532 Kathleen Lake",Wittingfort,NC,49760,MasterCard,"5446-3137-2969-1197",6,56.24,337.44,Practical Rubber Car,2021-11-19,16:21:11
191830,Corkery Sr.,Toys & Kids,"975-93-4324",Flossie West,Male,"802 Nolan Spur",New Tanner,UT,58348,Cash,"",6,56.94,341.64,Practical Granite Shirt,2022-05-19,05:53:28
199801,Howell-Mraz,Jewelery,"946-46-1173",Jessie Torphy IV,Female,"696 Harris Mountains",Metzview,VA,43280,Cash,"",5,4.30,21.50,Awesome Steel Hat,2022-05-09,14:02:33
200332,Mueller II,Computers & Movies,"307-95-1461",Estevan Hane,Male,"7475 Nienow Fork",New Laurynmouth,OR,66857,AMEX,"3352-876279-77395",2,55.15,110.30,Sleek Plastic Chair,2022-03-01,13:15:29
202559,Bergstrom-Senger,Clothing & Garden,"184-88-3013",Buster Sanford,Male,"68400 Towne Curve",East Samir,OH,63385,EWallet,"15AsGuSf8kEQwuEn2oZJekrriNp3wHUgGE",7,64.51,451.57,Incredible Granite Gloves,2022-02-25,16:45:18
203703,Witting DVM,"Books, Sports & Computers","700-59-5926",Orpha Thiel,Male,"614 Ladarius Lodge",New Franciscamouth,MD,67140,MasterCard,"5090-7320-5371-9732",5,57.03,285.15,Intelligent Cotton Chair,2021-09-05,04:29:29
204949,Howell-Mraz,"Electronics, Tools & Computers","462-86-6479",Conrad Mayer,Male,"44473 Gwendolyn Greens",Zboncaktown,MA,71765,MasterCard,"5591-1187-8592-2981",8,23.67,189.36,Small Granite Table,2022-05-09,07:59:43
205975,Hilll-Rolfson,Computers,"115-88-2714",Wendell Dach,Male,"434 Kiehn River",Demondside,MO,11234,AMEX,"3850-757499-71399",7,45.53,318.71,Incredible Concrete Shirt,2022-02-24,19:20:16
207399,Emard DVM,Electronics,"232-96-4120",Mrs. Miles Von,Female,"58709 Zulauf Pine",Armstrongton,UT,88636,AMEX,"3114-155831-48035",8,86.96,695.68,Incredible Granite Chair,2022-03-07,15:19:44
208916,Hilll-Rolfson,Shoes,"542-31-5454",Ethel Runte,Female,"8724 Jadyn Lake",New Ignatius,VA,38405,Cash,"",8,98.81,790.48,Sleek Steel Pants,2022-04-25,22:16:50
211015,Howell-Mraz,"Jewelery, Industrial & Kids","261-74-2871",Melyna Deckow,Female,"48473 Ambrose Mission",Port Albin,MD,89480,MasterCard,"5064-5654-4915-9546",8,5.42,43.36,Gorgeous Wooden Chair,2021-11-05,06:51:49
211418,"Kutch, Hartmann and Runolfsdottir","Books, Automotive & Jewelery","831-37-7450",Anissa Bruen,Male,"797 Burley Ridge",Port Avery,AL,63589,Cash,"",9,15.23,137.07,Gorgeous Wooden Shoes,2021-10-03,02:56:35
213738,Witting DVM,Clothing & Toys,"333-36-7294",Stanley Smitham,Male,"40556 Ethan Manors",Danielhaven,CT,18769,Cash,"",9,80.12,721.08,Fantastic Granite Gloves,2021-08-31,09:58:05
215174,Hilll-Rolfson,Shoes & Outdoors,"899-22-8387",Zoila Klocko,Female,"2232 Olson Forks",Ursulahaven,CA,67525,AMEX,"3649-911297-22072",7,50.81,355.67,Gorgeous Concrete Hat,2022-04-19,06:13:37
218047,Emard DVM,Games & Clothing,"927-75-8842",Mrs. Earl Becker,Male,"505 Eudora Drive",Blandaburgh,NY,95091,Visa,"4569-1724-5104-6649",4,37.67,150.68,Fantastic Steel Car,2022-05-11,01:37:21
218654,Hilll-Rolfson,Grocery & Health,"577-42-1315",Camila Wehner,Male,"59753 Laney Fork",East Bufordview,NJ,19806,AMEX,"3943-371087-89552",6,46.25,277.50,Ergonomic Steel Gloves,2022-04-28,19:23:57
222104,Bergstrom-Senger,"Tools, Kids & Electronics","758-70-2481",Gabriella Hermann,Male,"36544 Colton Ridge",Klingchester,OR,55518,MasterCard,"5523-5983-9360-2630",6,27.32,163.92,Fantastic Wooden Shoes,2022-04-05,05:46:49
226788,Kub-Stroman,Kids & Automotive,"513-30-7932",Edwina Nader,Female,"484 Turner Dale",East Makenna,OH,89066,Visa,"4610-1674-6826-3347",5,50.35,251.75,Intelligent Cotton Hat,2021-11-17,16:03:29
230811,Hilll-Rolfson,Tools & Toys,"489-59-5191",Gaylord Smith,Male,"740 Ullrich Viaduct",Alfredaview,CT,29822,EWallet,"1AJbhbRfmnzUMg4S2icNRsz9usq5saUubU",5,76.40,382.00,Awesome Rubber Computer,2022-04-27,14:47:20
231873,Emard DVM,Baby & Books,"925-56-3119",Trenton Fisher,Female,"56701 Walker Station",Faheyville,NH,66286,Visa,"4347-2524-5710-5357",8,98.77,790.16,Incredible Plastic Shoes,2022-03-04,18:12:07
232301,"Kutch, Hartmann and Runolfsdottir","Music, Outdoors & Health","498-85-1485",Orville Keeling,Male,"35419 Hagenes Corner",North Raymouth,CT,25447,AMEX,"3392-571592-33272",7,43.99,307.93,Awesome Concrete Shoes,2022-01-29,11:38:08
236923,Emard DVM,Grocery & Outdoors,"445-65-2260",Max Medhurst,Male,"57917 Homenick Mill",New Marcelleport,OR,90389,AMEX,"3999-578708-74973",9,51.89,467.01,Fantastic Plastic Chair,2022-05-07,03:05:36
242946,Pollich-Klocko,"Beauty, Shoes & Home","816-85-6698",Stevie Hagenes III,Male,"304 Alysa Well",Gaylebury,ID,81875,AMEX,"3137-258150-37148",7,33.78,236.46,Sleek Rubber Shirt,2022-05-16,13:49:29
245652,Corkery Sr.,Industrial,"228-41-8181",Brain Homenick II,Female,"20814 Stiedemann Landing",Reannaberg,NJ,99624,MasterCard,"5072-1017-6026-6344",6,48.58,291.48,Sleek Granite Pants,2022-03-20,14:16:26
245889,Mueller II,Sports & Outdoors,"319-94-6287",Miss Heloise Boyle,Female,"841 Devan Bridge",Kamronville,NJ,36168,Visa,"4777-2008-9446-2298",6,72.41,434.46,Small Rubber Shoes,2021-12-12,19:46:41
246196,"Kutch, Hartmann and Runolfsdottir",Garden,"731-59-4731",Clara Hills,Female,"3336 Boehm Motorway",Keeblerfurt,OH,48626,EWallet,"14v9dkTyUt7cVZSXRWSTbcDMc3XgSnk1sC",2,88.32,176.64,Small Steel Chair,2022-04-17,23:29:08
250394,Kub-Stroman,"Jewelery, Electronics & Sports","625-60-9460",Dr. Jeffery Hamill,Female,"143 Nolan Hill",Danielport,NJ,57846,AMEX,"3991-750748-15622",3,2.29,6.87,Intelligent Wooden Chair,2021-12-29,07:51:43
254570,Kub-Stroman,Garden & Home,"246-96-6416",Mrs. Lamar Emmerich,Female,"295 Lesch Burg",Lake Lianaside,ND,47936,MasterCard,"5126-6116-9588-8232",9,80.01,720.09,Gorgeous Wooden Shoes,2022-05-23,10:43:11
255900,"Kutch, Hartmann and Runolfsdottir","Computers, Industrial & Shoes","863-56-9047",Landen Gutkowski DDS,Male,"59262 Kris Groves",East Nicolaborough,GA,54622,AMEX,"3563-549167-89343",6,99.54,597.24,Fantastic Cotton Gloves,2022-04-19,07:41:18
256752,Hilll-Rolfson,Jewelery & Shoes,"772-13-8961",Antonette Dach Jr.,Male,"146 Makayla Place",Baumbachfurt,SC,89622,MasterCard,"5611-3893-9371-8346",1,48.84,48.84,Ergonomic Plastic Computer,2021-11-14,04:21:36
256835,Corkery Sr.,Music & Sports,"824-83-9626",Dr. Stacy Medhurst,Male,"85523 Jaskolski Alley",South Juliustown,IN,65477,MasterCard,"5918-7579-3616-2863",10,97.71,977.10,Ergonomic Steel Hat,2022-02-17,20:51:47
260669,Corkery Sr.,Shoes,"977-75-6503",Hilario Stehr MD,Female,"71398 Aliya Avenue",South Kevenfurt,IA,76777,EWallet,"1Mh1ij8LwdJZAaFJyMHHcgFdxHf4ABEE8B",7,10.97,76.79,Gorgeous Granite Gloves,2022-05-14,07:48:57
262570,Witting DVM,"Movies, Jewelery & Health","762-15-6122",Turner Morissette,Female,"8064 Daphney Knolls",Jaquelinland,SD,19688,Cash,"",2,84.30,168.60,Ergonomic Granite Table,2022-04-10,08:31:01
263857,Pollich-Klocko,Movies,"434-63-6820",Retha Kulas,Female,"728 Stiedemann Estates",Lake Fiona,MN,70440,Cash,"",8,47.58,380.64,Intelligent Cotton Gloves,2022-03-08,18:07:13
265380,Kub-Stroman,"Clothing, Shoes & Baby","921-81-3304",Edna Steuber I,Female,"7192 Jed Spring",West Malika,IL,30046,EWallet,"1DUn7JyExCDXp1eFUnHa5oZ2zp2jFBPcxF",4,56.96,227.84,Ergonomic Concrete Chair,2022-03-09,06:24:41
266527,"Kutch, Hartmann and Runolfsdottir","Health, Beauty & Sports","576-63-4980",Yadira Schamberger,Female,"4192 Witting Tunnel",Sauerfurt,MI,80498,EWallet,"1MGmZJukTHs6Lx6uMYbReSAPBLJKoymcxR",5,99.01,495.05,Incredible Steel Chair,2022-02-04,08:44:22
268975,Kub-Stroman,"Automotive, Kids & Shoes","294-23-3833",Shemar Hudson,Female,"6134 Corkery Plains",East Christine,AK,45998,Visa,"4331-5912-5882-3335",2,84.59,169.18,Rustic Concrete Shoes,2022-03-13,00:40:31
270943,Hilll-Rolfson,Tools & Grocery,"306-49-2664",Freddie Fadel V,Male,"73311 Koelpin Parkway",New Aiyanaland,AR,96038,Visa,"4878-5062-2751-3058",3,69.72,209.16,Sleek Cotton Shoes,2022-03-31,00:49:12
271799,Pollich-Klocko,Home,"399-65-3175",Furman Effertz,Female,"1709 Columbus Route",West Vanceland,NV,25680,Cash,"",6,13.41,80.46,Fantastic Plastic Gloves,2022-05-06,02:54:11
275428,Mueller II,Health & Automotive,"685-14-6530",Kayli Ankunding,Male,"27825 Celia Greens",Kristyhaven,CO,54765,EWallet,"18mfui9bDEcNKFLekvcrVPx3fxX7zdD56U",9,28.99,260.91,Intelligent Plastic Gloves,2021-08-15,14:42:05
285833,Emard DVM,Beauty,"594-83-3954",Germaine Mertz,Female,"3812 Donnell Trace",South Dannie,FL,19360,MasterCard,"5686-3543-8581-7071",9,69.70,627.30,Small Granite Gloves,2022-03-11,04:35:51
286264,Emard DVM,Home,"193-57-2987",Aliza Hilll PhD,Male,"2610 Kennedy Squares",West Noemi,UT,99631,Cash,"",4,47.49,189.96,Ergonomic Granite Hat,2022-03-12,19:26:01
286439,Hilll-Rolfson,"Industrial, Home & Computers","378-72-1554",Arjun Bechtelar,Male,"4759 Huels Turnpike",North Uliseschester,FL,90624,Cash,"",9,7.70,69.30,Small Steel Gloves,2022-05-21,18:23:22
286957,Corkery Sr.,"Electronics, Tools & Outdoors","345-18-1447",Brody O'Hara II,Male,"61054 Carter Rue",West Jedediahberg,MI,95623,Cash,"",9,56.73,510.57,Fantastic Granite Computer,2022-04-23,00:40:51
289381,Kub-Stroman,Books,"237-53-2516",Roderick Pagac,Male,"813 Jarrod Views",South Levi,MT,46584,Visa,"4468-3390-8969-7227",4,40.87,163.48,Rustic Steel Computer,2022-05-07,15:16:26
301674,Mueller II,Health & Kids,"644-39-4399",Ms. Nicola Hintz,Female,"13395 Gianni Drive",Ramonaport,MN,74450,AMEX,"3440-983347-94762",5,34.90,174.50,Small Granite Computer,2021-12-13,17:36:08
309159,Bergstrom-Senger,"Health, Sports & Music","192-36-9005",Jeffery Schmidt,Male,"72115 Nayeli Union",Leonieshire,MI,36093,Cash,"",2,12.69,25.38,Practical Plastic Pants,2022-05-21,12:57:32
312753,Pollich-Klocko,"Music, Electronics & Movies","758-19-9903",Millie Hane,Male,"6072 Orn Viaduct",South Ashleighchester,MD,78541,MasterCard,"5539-8373-1677-3414",3,59.36,178.08,Intelligent Rubber Computer,2022-04-02,10:54:05
314592,Pollich-Klocko,Outdoors & Computers,"453-38-3679",Madisyn Hilpert III,Female,"388 Marcus Plaza",Rohanland,CO,37810,Cash,"",9,6.76,60.84,Sleek Steel Car,2022-04-10,15:41:55
315811,Howell-Mraz,Kids,"868-91-3637",Yadira Kiehn,Female,"78944 Reymundo Cove",Lake Trey,UT,62603,MasterCard,"5971-4517-7499-4762",7,62.74,439.18,Fantastic Plastic Table,2022-04-06,20:46:04
319454,Hilll-Rolfson,Sports,"416-88-5592",Hiram Ankunding II,Female,"11272 Jayson Forks",West Rileyborough,WA,43642,EWallet,"14DxDeR9HVSU6F39LDACBeXAE8KUAXwi1M",6,90.80,544.80,Incredible Rubber Car,2022-02-13,01:28:27
321136,Corkery Sr.,"Computers, Games & Outdoors","359-85-7310",Taurean Feest,Female,"355 Johnston Bridge",East Davidburgh,NY,43431,AMEX,"3232-167408-92607",10,88.53,885.30,Ergonomic Rubber Shoes,2022-02-28,18:42:25
323640,Witting DVM,Electronics & Garden,"390-86-3557",Megane Batz,Male,"46917 Favian Plaza",Beerberg,WA,30733,Cash,"",1,72.10,72.10,Fantastic Granite Car,2021-07-27,00:03:58
331496,Kub-Stroman,Automotive,"968-59-1565",Meggie Beer V,Male,"922 Keanu Village",East Cristian,MI,63939,EWallet,"16UuUMkFEBq3AwiQcSQkzHZWLGStKpA66q",8,28.98,231.84,Rustic Steel Pants,2022-04-08,20:48:19
333798,Corkery Sr.,"Shoes, Automotive & Games","485-69-2993",Nicklaus Kuvalis,Male,"9905 Taurean Shoal",Yvetteport,AZ,81818,AMEX,"3522-491775-23070",10,41.25,412.50,Rustic Steel Shirt,2022-05-04,01:11:43
333979,Bergstrom-Senger,Tools,"480-70-4260",Nat Lindgren,Female,"559 Loraine Ports",North Alena,NV,35336,MasterCard,"5317-9405-8041-5162",5,40.71,203.55,Awesome Plastic Pants,2022-05-06,05:14:20
336433,Witting DVM,"Toys, Clothing & Industrial","790-49-1234",Mrs. Raven Larson,Female,"68192 Lubowitz Locks",Eulahmouth,KY,51017,Cash,"",5,17.83,89.15,Practical Plastic Computer,2022-01-15,23:00:00
338105,Emard DVM,Shoes,"571-68-5566",Tierra Towne,Male,"8728 Roberts Station",Osinskitown,ID,64910,Cash,"",7,15.66,109.62,Small Concrete Car,2022-04-24,04:13:40
341543,"Kutch, Hartmann and Runolfsdottir",Sports & Health,"362-77-5561",Mrs. Elinore Ullrich,Male,"405 Fleta Pass",Weberview,MA,46853,AMEX,"3277-116058-72508",3,49.49,148.47,Awesome Granite Shoes,2021-11-02,23:37:46
346517,Kub-Stroman,Tools & Jewelery,"821-16-8464",Brandi Okuneva I,Male,"425 Roberto Dale",South Hilarioland,NM,99151,MasterCard,"5046-4943-2600-5545",2,94.01,188.02,Rustic Concrete Chair,2021-10-07,12:44:50
348423,Kub-Stroman,Games,"547-21-9998",Herbert Kshlerin,Male,"3420 Margarete Fall",Monahanberg,AK,45210,AMEX,"3809-587541-40927",5,89.99,449.95,Ergonomic Cotton Shirt,2022-05-06,05:17:31
348924,Witting DVM,Kids,"365-17-3496",Kristopher Terry V,Female,"264 Richmond Divide",South Flo,MN,15313,AMEX,"3673-536411-93487",7,57.88,405.16,Awesome Steel Hat,2022-03-21,23:39:19
352884,Hilll-Rolfson,Home,"404-55-6963",Justina Towne,Male,"8666 Schoen Center",Port Celestinoton,NY,53848,EWallet,"1Cvr1cxgxSS2kKnCPZj6MAUkHgipCMPyMb",2,65.73,131.46,Incredible Rubber Gloves,2022-04-02,19:13:05
353320,Mueller II,"Computers, Health & Toys","678-54-3868",Earnestine Wolf,Male,"484 Weissnat Radial",West Lois,UT,31891,EWallet,"1F3HmzKhrFW9dgEFdBuLE4fAQM1uT6J3Ah",3,32.95,98.85,Incredible Plastic Gloves,2022-05-23,11:55:59
353934,Emard DVM,"Outdoors, Clothing & Health","250-77-2328",Hollie Grimes,Male,"40419 Streich Turnpike",Reingerberg,DE,37819,Cash,"",10,29.40,294.00,Rustic Plastic Computer,2021-07-24,04:58:40
361802,Emard DVM,"Health, Beauty & Baby","972-17-1955",Forest Reichel,Male,"88460 Camryn Union",Schmidtbury,NJ,72328,EWallet,"1Ab4Jp5V5XyunThQJXPVe2mYsQ6itWBQFo",5,72.41,362.05,Small Plastic Shirt,2022-04-20,02:51:15
363590,Howell-Mraz,Sports & Computers,"532-42-1418",Lucie Crist,Male,"4133 Durgan Stream",South Barneymouth,GA,35968,Visa,"4734-5535-9648-3378",3,93.79,281.37,Practical Plastic Table,2022-02-21,15:12:44
365105,Witting DVM,Electronics,"353-31-3306",Mr. Kameron Legros,Male,"31026 Dietrich Freeway",Rolfsontown,MN,89626,Cash,"",10,45.81,458.10,Awesome Concrete Hat,2022-05-15,02:26:14
365260,Witting DVM,Home & Toys,"590-78-4940",Carroll Brakus,Female,"2096 Kling Orchard",New Jude,NH,35677,Cash,"",4,42.15,168.60,Gorgeous Granite Table,2021-07-16,23:28:58
365698,Corkery Sr.,"Grocery, Industrial & Toys","682-68-8574",Joana Shanahan Sr.,Male,"1963 Quitzon Lakes",Aryannaborough,HI,13031,Cash,"",1,84.07,84.07,Ergonomic Wooden Hat,2022-05-16,04:23:15
369117,"Kutch, Hartmann and Runolfsdottir","Games, Sports & Movies","609-36-1941",Una Klocko,Female,"3327 Ashton Summit",Sandychester,GA,82670,AMEX,"3991-483757-46828",6,19.44,116.64,Awesome Rubber Hat,2022-05-18,08:59:30
369262,Emard DVM,Music & Games,"458-30-4010",Alfred Mills,Male,"9805 Rachael Village",Lake Vidaland,VA,16147,Visa,"4500-2912-7581-9305",5,12.97,64.85,Fantastic Granite Car,2021-11-14,02:14:18
372299,Howell-Mraz,"Automotive, Industrial & Electronics","313-13-8599",Austyn Fisher,Female,"39810 Daugherty Plain",New Dorothy,DE,76170,Visa,"4050-4609-2625-7491",2,22.33,44.66,Intelligent Granite Table,2022-05-09,13:09:22
372517,"Kutch, Hartmann and Runolfsdottir","Kids, Books & Sports","957-52-2616",Juwan Mitchell,Female,"70248 Stanley Plaza",Kaylahside,NV,48653,AMEX,"3187-666022-53991",8,6.44,51.52,Awesome Concrete Shoes,2022-02-01,23:35:20
374091,Corkery Sr.,"Toys, Baby & Sports","481-75-2955",Jarred Treutel,Male,"87888 Boehm Oval",Linwoodstad,MD,14016,AMEX,"3485-864135-99503",1,78.10,78.10,Incredible Wooden Hat,2022-04-20,07:53:57
376241,Hilll-Rolfson,Home,"782-48-8034",Noe Nader MD,Male,"98947 Randal Mountains",South Niahaven,SC,61082,AMEX,"3651-807969-58335",8,79.01,632.08,Practical Cotton Shoes,2022-02-17,03:02:53
376380,Hilll-Rolfson,Music & Outdoors,"457-87-6323",Kirsten Carroll,Female,"74388 Glover Mews",East Reedberg,MA,54101,Cash,"",1,94.93,94.93,Rustic Plastic Computer,2022-01-15,09:03:17
378792,Corkery Sr.,Automotive,"624-56-5394",Mrs. Sunny Shields,Female,"24901 Rosenbaum Springs",Lake Larue,AZ,70473,EWallet,"15bucPPYDjGtqX96yN5sbHFh5uyTQUGWor",2,50.93,101.86,Fantastic Plastic Chair,2021-07-19,21:56:07
383551,Mueller II,"Sports, Electronics & Music","831-31-4238",Lorenz Wuckert,Male,"628 Muhammad Creek",North Alexzanderfurt,WA,49594,EWallet,"1FWu9gtvKTygp4wJhA1Chnf6KooyyhW1WE",8,37.58,300.64,Ergonomic Concrete Gloves,2021-06-07,19:36:29
384880,Bergstrom-Senger,Sports,"686-34-8167",Maryse Anderson,Male,"6494 Rice Stream",Leliaport,IL,43711,MasterCard,"5015-9706-9006-1898",8,55.51,444.08,Awesome Plastic Table,2022-05-21,09:19:56
388031,Kub-Stroman,Tools,"428-30-8013",Webster Rowe,Female,"2691 Carson Trail",Haventown,SD,61470,AMEX,"3167-853865-71822",1,67.51,67.51,Rustic Rubber Pants,2021-10-06,04:39:55
389307,Witting DVM,"Health, Books & Clothing","497-24-6725",Lorna Hand,Female,"69269 Melany Circle",South Lilliana,NJ,75512,EWallet,"12ve5ZKqcLpy792JVhdaKYXRG4MWiCLCvN",7,98.10,686.70,Sleek Plastic Car,2021-11-15,11:15:27
394155,Corkery Sr.,Movies,"434-82-6548",Emmanuel Carter,Female,"69763 Helene Road",Hendersonstad,AR,53955,Cash,"",8,6.38,51.04,Small Concrete Shirt,2022-05-09,09:11:55
396457,Kub-Stroman,Industrial & Grocery,"347-32-2804",Ernestine Reichel I,Female,"1821 Michaela Lodge",West Filomenaside,KS,82948,Visa,"4414-6602-8530-8216",9,3.39,30.51,Ergonomic Granite Computer,2022-01-11,11:52:36
396636,Pollich-Klocko,Music & Kids,"620-45-2304",Mohamed Windler,Female,"58422 Marlen Lake",North Aleneville,ND,71445,MasterCard,"5970-1435-5345-3289",10,46.99,469.90,Practical Plastic Shirt,2021-10-27,22:03:20
399019,Kub-Stroman,"Books, Clothing & Shoes","373-72-5539",Jeremie Becker II,Female,"40861 Raina Wall",North Arnaldofort,NV,57833,AMEX,"3392-819338-18091",8,28.70,229.60,Gorgeous Rubber Car,2022-03-18,06:08:16
400612,"Kutch, Hartmann and Runolfsdottir","Jewelery, Health & Movies","150-66-3626",Ms. Nedra Bartoletti,Male,"16646 Pauline Prairie",Calestad,OR,55760,Cash,"",7,89.27,624.89,Ergonomic Cotton Table,2021-12-29,05:01:12
400683,Howell-Mraz,Automotive & Sports,"901-65-7293",Andreanne Kuhic,Male,"84230 Zena Canyon",Jasmintown,NE,29555,MasterCard,"5525-6509-3363-9648",4,74.55,298.20,Ergonomic Concrete Computer,2022-05-11,02:40:41
401516,Bergstrom-Senger,Automotive & Jewelery,"115-24-2828",Audrey Sporer,Female,"33095 Wolff Rest",Reneport,AL,94923,AMEX,"3438-305121-47467",10,35.48,354.80,Ergonomic Cotton Shoes,2021-12-30,14:43:00
402442,Mueller II,Baby,"710-66-6581",Mr. Donavon Hintz,Male,"92519 Ari Branch",West Leonardport,RI,90823,AMEX,"3880-543304-11460",10,29.44,294.40,Gorgeous Plastic Gloves,2021-10-16,06:26:35
402601,Kub-Stroman,Automotive & Movies,"271-40-7396",Adan Schmeler,Female,"397 Connelly Mountains",Harberstad,NH,61501,MasterCard,"5113-2441-3303-2054",9,99.67,897.03,Small Concrete Pants,2022-05-19,17:26:04
406278,Howell-Mraz,Automotive,"930-61-1194",Watson Hauck,Male,"1583 Durgan Divide",West Kellie,MO,93900,Visa,"4681-1458-9326-7101",8,44.23,353.84,Small Wooden Chair,2022-05-23,07:25:45
410997,Hilll-Rolfson,Electronics,"578-29-7214",Rahsaan Heidenreich,Female,"336 Leffler Bypass",South Shayneside,DE,25922,AMEX,"3286-335669-20744",10,50.39,503.90,Awesome Rubber Pants,2022-02-14,16:59:25
411279,Pollich-Klocko,Books & Grocery,"149-50-9297",Ms. Gerald Gulgowski,Female,"79093 Price Plains",Hagenestown,NV,66368,EWallet,"13ALCZ1wa26RCsxzYDy6wUfBt1RJ1kRzbn",10,68.50,685.00,Small Concrete Table,2022-05-15,22:51:07
411358,Corkery Sr.,Clothing & Tools,"436-20-1100",Wilfred Barrows MD,Female,"340 Sadie Rue",Bodeton,MD,95075,EWallet,"1KQ14P88RTUeRkCeNcR9Mg98sSTQdPgSq1",8,72.85,582.80,Practical Wooden Computer,2021-12-14,10:38:43
415902,Mueller II,Grocery & Automotive,"272-94-1818",Marlee Moen,Male,"1187 Rath Inlet",Deckowton,IL,61088,MasterCard,"5970-3782-8337-4112",3,58.42,175.26,Sleek Cotton Table,2022-04-24,04:12:37
418210,Witting DVM,Music & Tools,"423-88-7891",Gerard Hermann,Female,"6272 Schmeler Center",Terryport,ME,37259,AMEX,"3396-213165-88969",3,99.17,297.51,Sleek Steel Computer,2022-04-08,22:55:57
418660,Pollich-Klocko,"Books, Sports & Outdoors","737-14-9980",Karen Kling,Male,"1007 Henry Unions",North Kari,OK,91670,MasterCard,"5616-8117-6299-9286",5,90.10,450.50,Fantastic Concrete Pants,2021-10-16,13:44:35
421366,Hilll-Rolfson,"Books, Games & Jewelery","714-52-3289",Donald Jakubowski,Female,"793 Astrid Crescent",West Chazbury,NY,53012,MasterCard,"5804-3623-8374-3890",6,97.55,585.30,Fantastic Wooden Table,2022-05-14,13:50:16
421685,Hilll-Rolfson,Electronics,"471-41-4339",Russel Swift,Male,"10483 Aric Shores",East Demario,OH,31923,MasterCard,"5962-3730-2826-5872",8,19.46,155.68,Ergonomic Granite Chair,2022-04-29,03:18:52
421960,Kub-Stroman,"Grocery, Industrial & Garden","470-94-1199",Walter Marks,Male,"72363 Enrique Roads",Rathhaven,MT,76790,EWallet,"1Np9u728Ny4cMQkB6WkgvJBfN4AVty2tGR",7,75.15,526.05,Ergonomic Cotton Gloves,2021-09-25,01:46:03
425669,Emard DVM,Kids,"797-62-4760",Kaya Gulgowski,Female,"3203 Juliet Rapid",South Elisa,DE,92341,AMEX,"3117-291785-70018",6,20.35,122.10,Incredible Wooden Computer,2022-04-13,19:20:39
429166,Emard DVM,Sports & Industrial,"455-93-7430",Agnes O'Hara,Male,"186 Aracely Divide",West Juwan,MI,56420,EWallet,"1AimKk98UACw2J5vNYRHgQcJ69YzsE6hP5",9,54.12,487.08,Sleek Granite Car,2022-02-27,11:39:30
431708,Witting DVM,"Tools, Baby & Movies","339-61-6094",Patricia Zboncak PhD,Male,"329 Labadie Turnpike",West Violaville,AL,87994,AMEX,"3073-536994-55308",7,37.14,259.98,Sleek Rubber Hat,2022-02-03,17:49:12
432745,Corkery Sr.,Books,"763-56-9194",Peggie Prohaska,Male,"26770 Brown Square",Port Ricardoland,NM,62149,MasterCard,"5369-1921-7563-4341",5,41.18,205.90,Awesome Wooden Chair,2022-02-17,07:00:14
433045,Kub-Stroman,Home,"238-26-3515",Morton Schoen,Female,"2338 Lesch Radial",Port Hallie,IN,39535,Cash,"",8,86.08,688.64,Intelligent Rubber Table,2022-05-06,03:36:20
437705,Kub-Stroman,Health,"491-81-4374",Ms. Birdie McClure,Male,"997 Bobbie Vista",Gutmannchester,SD,45386,Visa,"4084-2171-4058-7138",6,53.02,318.12,Sleek Steel Shirt,2022-03-22,11:56:13
445259,Hilll-Rolfson,"Shoes, Clothing & Computers","819-25-9960",Kenyon O'Conner,Female,"7210 Flatley Plains",Waelchibury,PA,28642,AMEX,"3856-716208-28148",5,13.73,68.65,Sleek Cotton Gloves,2022-05-11,20:57:14
446008,Howell-Mraz,Home,"724-28-2145",Ms. Jayme Dare,Male,"602 Ella Lodge",Florineborough,DE,65208,EWallet,"1L6AAk9sFLHXXryu9HZCLsw5TirzK5U4sS",7,76.87,538.09,Incredible Granite Car,2022-04-18,23:03:34
447675,Bergstrom-Senger,"Games, Books & Clothing","554-96-6506",Jayda Koch,Male,"617 Brown Mount",Kilbackhaven,SC,78135,MasterCard,"5727-8703-9464-7567",2,91.89,183.78,Practical Cotton Chair,2022-04-01,15:26:08
449205,Emard DVM,Toys,"626-30-1032",Madeline Predovic I,Male,"63460 Ova Oval",South Arch,RI,22504,Visa,"4696-6969-9663-8979",4,20.99,83.96,Awesome Rubber Pants,2022-04-13,04:24:23
449724,Hilll-Rolfson,Music & Jewelery,"756-87-1610",Selina Lynch,Male,"360 Mohr Islands",Juliaton,MI,44308,Visa,"4230-3522-8700-7089",7,75.13,525.91,Gorgeous Plastic Shirt,2022-04-12,00:08:35
451268,Emard DVM,"Industrial, Toys & Shoes","148-54-6183",Jairo Swaniawski,Male,"43669 Amira Stravenue",East Alfonzotown,UT,78308,Cash,"",2,17.06,34.12,Small Steel Table,2022-02-12,04:06:34
470120,Corkery Sr.,"Outdoors, Music & Kids","354-84-7110",Austyn Haag,Male,"7616 Nelle Creek",Emelietown,NM,64002,MasterCard,"5596-4629-7559-5073",1,51.87,51.87,Incredible Concrete Table,2022-02-18,13:21:54
470535,Corkery Sr.,Tools,"821-79-4799",Estella Olson,Male,"747 Gennaro Turnpike",Timmytown,ME,59332,EWallet,"1MYk7W96za6b8XbXJaDtJeeMCGGVxi8F1Q",2,87.26,174.52,Awesome Concrete Shoes,2021-11-29,23:51:26
471048,Kub-Stroman,Beauty & Toys,"836-17-2813",Bret Balistreri DDS,Female,"12416 Wilhelmine Underpass",Reichelport,OK,59762,Visa,"4565-4386-8107-5050",2,92.81,185.62,Intelligent Concrete Shoes,2022-03-20,23:29:39
477134,Pollich-Klocko,Games & Movies,"801-61-2216",Alex Blanda,Male,"944 Xzavier Islands",Lizafort,WA,96930,AMEX,"3246-299177-63848",7,94.75,663.25,Rustic Concrete Table,2021-08-01,02:15:47
477413,Hilll-Rolfson,Garden,"892-89-2326",Miss Janelle Cormier,Female,"57394 Akeem Walk",Port Franciscostad,TX,12826,Visa,"4150-2531-9887-5741",6,96.67,580.02,Awesome Plastic Pants,2022-04-03,07:10:27
479194,"Kutch, Hartmann and Runolfsdottir",Automotive,"214-69-4648",Mrs. Adolph Weissnat,Female,"559 Ericka Shoals",Port Yadiraville,KY,27209,MasterCard,"5548-3225-2221-6571",9,82.70,744.30,Gorgeous Granite Computer,2022-04-19,01:51:01
479310,Kub-Stroman,"Beauty, Computers & Tools","139-49-2774",Coleman Kuhn,Male,"757 Johann Fall",West Kayliemouth,MT,29097,MasterCard,"5940-8292-6318-8679",10,81.24,812.40,Rustic Plastic Chair,2021-12-10,09:36:28
480599,Bergstrom-Senger,Industrial & Toys,"811-97-3293",Cyrus Fadel II,Male,"612 Dangelo Point",New Abrahamstad,HI,55671,Cash,"",7,61.14,427.98,Rustic Steel Gloves,2022-01-09,06:43:54
485908,Kub-Stroman,"Tools, Shoes & Baby","893-13-2427",Sedrick O'Connell,Male,"434 Ilene Mountain",West Graciela,WA,52725,Visa,"4687-7038-4664-1472",6,26.51,159.06,Gorgeous Cotton Chair,2022-05-21,11:24:35
487453,Kub-Stroman,Toys & Home,"939-83-8377",Bradley Lakin,Male,"4312 Alfredo Squares",Kittyville,CA,98627,AMEX,"3491-732668-91025",2,63.59,127.18,Incredible Wooden Chair,2022-05-17,19:19:21
488433,"Kutch, Hartmann and Runolfsdottir",Outdoors & Books,"388-43-4457",Teresa Satterfield,Female,"455 Polly Corner",East Eryntown,MT,43317,Visa,"4659-4792-2876-5140",7,74.93,524.51,Practical Plastic Shirt,2022-04-30,22:26:32
491678,Pollich-Klocko,"Electronics, Beauty & Automotive","660-72-5959",Marquis Bergstrom,Female,"986 Turcotte Shore",West Courtney,DE,60652,MasterCard,"5621-5683-8412-4056",6,22.27,133.62,Small Steel Shirt,2022-03-18,09:24:15
492555,Corkery Sr.,Clothing & Jewelery,"915-54-2131",Gunnar Boyle,Female,"4764 McKenzie Neck",Brendonborough,RI,38073,Visa,"4308-5881-5049-5590",10,33.58,335.80,Ergonomic Wooden Shirt,2022-05-20,15:50:26
494819,Hilll-Rolfson,"Outdoors, Kids & Electronics","938-70-1670",Toney Lynch,Male,"26553 Ebert Groves",South Pinkie,GA,42151,Visa,"4345-6825-4904-7701",2,81.74,163.48,Intelligent Rubber Car,2022-05-19,17:42:00
498795,Howell-Mraz,Kids & Garden,"618-63-1768",Alaina Kihn,Male,"765 Aufderhar Common",Nitzschebury,KY,41770,Cash,"",10,84.93,849.30,Rustic Concrete Pants,2021-12-27,03:33:53
500903,"Kutch, Hartmann and Runolfsdottir","Home, Shoes & Kids","225-73-6698",Nola Heller,Female,"785 Hessel Highway",North Abrahammouth,IA,93170,Cash,"",3,36.16,108.48,Small Wooden Hat,2022-05-14,19:27:41
504159,Corkery Sr.,Electronics,"134-56-5764",Daisy Roob III,Male,"7669 Watsica Lakes",Emmittville,KS,59146,MasterCard,"5221-8914-7350-4159",2,80.62,161.24,Sleek Granite Pants,2022-03-10,22:53:29
505972,Bergstrom-Senger,"Computers, Industrial & Baby","844-95-2627",Weston McGlynn,Female,"93278 Amie Falls",Lake Anibal,NJ,92040,Visa,"4925-7050-5805-2208",10,41.91,419.10,Ergonomic Cotton Shirt,2021-09-01,05:03:09
506514,Pollich-Klocko,"Baby, Computers & Jewelery","263-38-6301",Monique Rolfson,Female,"43471 Wiza Stravenue",Cullenbury,TN,10404,AMEX,"3086-203758-19636",6,94.48,566.88,Incredible Plastic Computer,2022-05-06,19:20:56
508197,Pollich-Klocko,Sports,"474-79-4929",Mr. Viva Rath,Female,"607 Maude Haven",Welchstad,CT,97573,AMEX,"3689-355460-11856",7,94.18,659.26,Fantastic Concrete Table,2022-05-23,02:44:20
508893,Kub-Stroman,Grocery,"524-82-4837",Jairo Cassin,Male,"618 Annette Greens",Vestaland,MI,97784,Visa,"4231-5294-4456-6034",1,28.80,28.80,Sleek Rubber Shirt,2022-03-15,00:35:00
512534,Hilll-Rolfson,"Books, Outdoors & Clothing","870-28-8913",Isabella Olson III,Female,"7222 Morris Ports",North Berthaville,OR,64650,MasterCard,"5762-4327-9106-8472",2,41.83,83.66,Awesome Rubber Hat,2021-12-21,01:24:57
514454,Pollich-Klocko,Home & Sports,"314-11-1476",Dr. Daphney Gulgowski,Female,"457 Lucinda Via",New Ryleeburgh,MS,67259,MasterCard,"5070-6331-6415-1382",9,53.03,477.27,Awesome Cotton Shoes,2022-01-30,13:08:25
515252,Pollich-Klocko,Books,"869-77-4434",Patrick Spinka,Female,"250 Catherine Street",Deeshire,WI,49042,AMEX,"3309-746053-27913",3,4.71,14.13,Fantastic Steel Shoes,2022-01-11,08:22:46
521068,Kub-Stroman,Home,"924-12-6671",Benny Marks,Female,"705 Keanu Ford",Caseychester,VT,90138,MasterCard,"5468-6683-2347-6275",3,66.68,200.04,Gorgeous Plastic Hat,2021-11-04,07:40:05
523029,Bergstrom-Senger,Shoes,"633-99-7681",Titus Bartoletti,Female,"4247 Windler Shores",Federicoland,SC,81552,EWallet,"1NFRFMQMEduCdYhZ3ssziQXUF1nXkY1KrL",1,29.58,29.58,Ergonomic Rubber Pants,2021-09-21,23:51:45
524433,Emard DVM,"Health, Music & Jewelery","457-58-6831",Brad Cormier,Female,"626 Maureen Center",Schaeferland,SC,28096,AMEX,"3294-180988-98707",3,72.36,217.08,Small Concrete Table,2022-01-24,06:17:34
525817,Howell-Mraz,Beauty,"904-82-4115",Marilie Howell,Male,"903 Mariano Freeway",South Carmine,CT,37144,Cash,"",7,99.76,698.32,Incredible Plastic Pants,2022-04-18,05:12:17
527008,Witting DVM,Jewelery,"609-86-1404",Kamron Corkery,Male,"981 Greenfelder Stravenue",South Horace,CA,32629,EWallet,"16gdxKLniucgwdRbkUsQbnp8GRDZw64bYS",5,89.09,445.45,Ergonomic Concrete Shoes,2021-10-22,04:35:02
531487,Witting DVM,Kids,"254-14-8467",Francesco O'Conner,Female,"61643 Emard Plains",West Jaquelin,WV,19126,AMEX,"3821-595603-97912",7,17.14,119.98,Practical Cotton Gloves,2022-03-22,18:33:23
532202,"Kutch, Hartmann and Runolfsdottir",Jewelery & Home,"650-77-5084",Ernesto Feest,Female,"49752 Franecki Forks",West Yadira,NJ,21512,MasterCard,"5308-2967-3939-8078",6,41.37,248.22,Small Rubber Shirt,2022-03-03,18:34:41
532721,Corkery Sr.,Computers,"731-35-8001",Ezekiel Kessler,Female,"469 Hahn Walk",Howefurt,AK,53653,Visa,"4358-4250-3431-3645",10,74.96,749.60,Small Rubber Hat,2022-05-06,16:43:06
533064,Kub-Stroman,Movies,"533-75-4960",Stefanie McClure,Male,"474 Quinten Lake",Baronmouth,ID,28353,MasterCard,"5810-5984-7987-7332",9,72.22,649.98,Incredible Granite Computer,2022-03-20,14:20:42
535415,Howell-Mraz,Clothing & Baby,"231-51-9401",Helena Reynolds,Female,"7593 Madaline Village",Port Faustino,PA,92933,AMEX,"3205-300915-90093",9,77.32,695.88,Awesome Steel Pants,2022-01-04,19:00:18
535973,Pollich-Klocko,"Baby, Health & Industrial","432-94-1113",Mr. Cecile Daniel,Female,"869 Jalyn Springs",Shieldsland,IA,53059,AMEX,"3332-483274-13189",2,31.59,63.18,Ergonomic Concrete Table,2021-11-10,19:40:10
540468,Pollich-Klocko,"Tools, Electronics & Clothing","184-51-8855",Francisca Botsford,Male,"67409 Alize Manors",Port Loy,AL,76229,Visa,"4632-3274-1560-7987",8,48.50,388.00,Small Wooden Shoes,2022-02-04,09:22:36
540939,Mueller II,Tools,"573-85-9420",Dr. Tina Kshlerin,Female,"6078 Rosenbaum Coves",Mosesfort,NH,93669,AMEX,"3561-429822-98707",7,44.94,314.58,Small Wooden Chair,2022-03-31,16:29:59
542890,Corkery Sr.,Beauty & Automotive,"457-72-8461",Augustine Macejkovic,Female,"89157 Gottlieb Haven",Brakusberg,AZ,95317,MasterCard,"5997-5819-2703-2670",5,57.04,285.20,Intelligent Cotton Pants,2022-04-27,23:10:41
548406,Bergstrom-Senger,"Automotive, Health & Tools","452-91-8861",Mrs. Jacinthe Strosin,Male,"188 Klocko Pass",North Abe,TN,78104,AMEX,"3291-344830-93890",10,49.61,496.10,Sleek Cotton Shirt,2022-02-09,02:04:02
551785,Bergstrom-Senger,Jewelery & Movies,"404-90-4054",Dr. Reilly Mertz,Male,"603 Yost Run",North Marlonview,TX,82303,Visa,"4056-1038-8459-2979",4,23.56,94.24,Ergonomic Rubber Table,2022-02-03,23:32:18
554956,Witting DVM,Games,"899-16-4964",Shaylee Tremblay,Male,"676 Gretchen Glens",Port Tess,MS,71617,AMEX,"3396-403526-45212",6,67.16,402.96,Incredible Concrete Pants,2022-03-14,19:09:40
556729,Kub-Stroman,Movies,"639-44-9044",Kelley Zboncak,Female,"6831 Daugherty Gardens",Daughertyberg,SC,94369,AMEX,"3495-522659-71203",4,31.08,124.32,Practical Cotton Shoes,2022-03-16,00:45:29
558177,Kub-Stroman,"Industrial, Home & Jewelery","259-86-5803",Cheyanne Crooks,Male,"91011 Hartmann Station",Nicolasside,UT,34676,Visa,"4803-1102-7427-2881",1,62.04,62.04,Intelligent Steel Chair,2022-02-12,12:39:25
560376,Hilll-Rolfson,"Toys, Books & Shoes","720-81-7653",Arlie Howell PhD,Male,"44977 Cyrus Via",Stacymouth,NJ,71032,Cash,"",10,98.48,984.80,Gorgeous Concrete Gloves,2022-02-04,18:29:26
562296,Emard DVM,"Baby, Sports & Movies","945-21-3398",Dr. Ana Flatley,Female,"95513 Pagac Glens",Armstrongshire,KS,79394,Cash,"",5,15.69,78.45,Fantastic Plastic Hat,2021-08-07,10:50:52
562460,Mueller II,"Jewelery, Games & Tools","375-33-1399",Ms. Lenore Murray,Female,"647 Glover Garden",Romagueraberg,WV,15175,EWallet,"1CFuxGFUMwiorLKeFfRV5eqjhUCEDyHg41",5,32.04,160.20,Incredible Steel Shoes,2022-05-21,01:03:48
564214,Witting DVM,Games & Baby,"793-64-1364",Miss Elwyn Krajcik,Male,"1818 Juwan Ramp",West Forest,AL,80820,MasterCard,"5010-6426-2698-2441",4,87.38,349.52,Rustic Rubber Pants,2022-03-16,01:50:52
564660,Pollich-Klocko,Automotive,"274-88-7969",Maryse Stamm,Female,"64110 Borer Common",South Yasmineville,NC,35830,EWallet,"1MKdvEQDWUq8wY9JiMjRC9pCW3oTVSkcgg",7,81.78,572.46,Rustic Cotton Gloves,2022-02-19,01:23:22
567396,Mueller II,"Beauty, Movies & Baby","216-22-9979",Meta Hand IV,Female,"2029 Halvorson Vista",South Gilbert,VA,82861,Cash,"",4,5.57,22.28,Awesome Rubber Chair,2022-01-05,19:48:47
567936,Corkery Sr.,"Sports, Clothing & Jewelery","762-14-6122",Germaine Bernier DDS,Male,"5789 Haley Ways",Hoppeville,WY,90867,Visa,"4742-5913-4012-5854",6,49.11,294.66,Rustic Steel Table,2022-05-17,03:25:34
570135,Howell-Mraz,Baby & Home,"104-18-6760",Elva Funk,Male,"92759 Idella Mills",McClureview,LA,56936,MasterCard,"5170-1653-4255-8665",9,48.19,433.71,Awesome Plastic Table,2022-02-03,12:50:32
573281,Kub-Stroman,"Computers, Toys & Outdoors","672-36-4044",Stewart White,Male,"4258 Arno Unions",East Braulio,MT,77348,Cash,"",5,87.48,437.40,Practical Steel Shoes,2022-05-13,05:16:53
575890,Howell-Mraz,Garden & Industrial,"201-58-8579",Winnifred Morar,Male,"17541 Georgiana Brook",Port Agnes,IN,92517,AMEX,"3161-402264-18021",8,6.19,49.52,Gorgeous Plastic Shoes,2021-12-21,00:45:16
577450,Witting DVM,Shoes,"319-85-4663",Dorothy Klein,Male,"9566 Krajcik Brook",Cassinport,MA,97099,Cash,"",7,74.52,521.64,Awesome Plastic Computer,2022-01-04,11:52:10
578965,Witting DVM,"Outdoors, Movies & Electronics","620-47-2419",Lilyan Wiza I,Male,"22575 Senger Highway",Remingtonville,WY,35737,Cash,"",1,54.89,54.89,Sleek Concrete Car,2021-12-19,23:53:29
579757,Mueller II,"Sports, Movies & Baby","233-59-2217",Mrs. Abner Parisian,Male,"131 Amya Walks",New Kenna,LA,27742,MasterCard,"5311-1664-3523-3088",6,30.88,185.28,Sleek Cotton Car,2021-12-21,06:39:10
581367,Pollich-Klocko,Industrial & Garden,"643-11-1060",Eve Baumbach,Male,"1381 Yost Gateway",New Ladariusville,MA,33718,AMEX,"3071-415239-68407",4,56.58,226.32,Intelligent Plastic Shirt,2022-04-25,18:36:09
581779,Witting DVM,Home,"487-31-3042",Mrs. Rosanna Davis,Female,"7773 Feil Glen",Abdielfurt,SD,47377,Visa,"4193-7246-2289-4149",4,40.40,161.60,Ergonomic Steel Shirt,2022-01-29,07:22:40
582716,Kub-Stroman,Electronics & Music,"237-16-6408",Austin Williamson,Female,"98124 Devin Causeway",Stokeschester,DE,30162,MasterCard,"5549-2520-7173-9720",1,15.50,15.50,Awesome Steel Car,2022-05-10,23:24:46
584577,Bergstrom-Senger,Beauty & Sports,"934-32-1113",Miss Trenton McGlynn,Female,"46551 Shana Island",Lake Budmouth,ME,17588,AMEX,"3594-437306-98007",9,90.64,815.76,Ergonomic Concrete Hat,2022-04-09,21:02:41
585610,Corkery Sr.,"Tools, Garden & Kids","414-96-2533",Adah Batz,Male,"825 Fadel Plaza",Lake Reymundo,SC,73169,Cash,"",5,38.29,191.45,Ergonomic Steel Chair,2022-02-13,04:30:37
589716,"Kutch, Hartmann and Runolfsdottir","Clothing, Beauty & Computers","953-90-7943",Mr. Kenny Ullrich,Male,"576 Edna Mountains",Port Eliasport,VT,80021,MasterCard,"5895-4529-7882-3989",6,82.07,492.42,Awesome Plastic Car,2022-01-27,13:27:16
590032,Bergstrom-Senger,"Sports, Jewelery & Automotive","593-96-7595",Dawn Graham,Female,"13414 McDermott Pass",North Laila,VT,15924,AMEX,"3337-105237-91899",7,8.37,58.59,Ergonomic Wooden Computer,2022-05-20,10:05:12
590740,"Kutch, Hartmann and Runolfsdottir","Music, Garden & Games","112-93-8935",Dereck Schamberger,Female,"95155 Mckayla Prairie",Lake Wyattfurt,FL,93245,Visa,"4919-8680-8371-8836",3,14.04,42.12,Practical Cotton Shoes,2022-05-06,09:49:29
592525,Emard DVM,"Industrial, Beauty & Jewelery","556-70-3080",Ernie Stanton,Female,"8604 Howell Forest",North Julius,CT,88634,Cash,"",7,75.47,528.29,Rustic Steel Gloves,2022-04-23,12:19:22
594401,Corkery Sr.,Sports & Games,"150-20-7495",Jasen Stark,Female,"6733 Laurie Ways",East Pierce,AL,59927,EWallet,"1MkgqTXzL14RwYRHVK8TZWg7GhATMBqMU1",5,2.62,13.10,Gorgeous Cotton Table,2022-04-11,03:09:26
595598,Bergstrom-Senger,Books,"507-48-6192",Mrs. Rosemary Kuhic,Female,"95204 Penelope Via",Kulasfurt,HI,70525,EWallet,"12qzcYLJqSDeZbT9XqgKvKj4qZEL9nkayt",3,60.23,180.69,Practical Rubber Pants,2022-03-15,22:39:47
603957,Witting DVM,Movies,"424-96-8661",Joannie Swift,Male,"707 Alexandria Burgs",Lexitown,VT,40411,Cash,"",2,21.79,43.58,Rustic Steel Shirt,2022-03-13,11:07:51
606381,Kub-Stroman,Clothing,"466-93-7174",Willow Waelchi,Female,"6790 Rowe Drives",Raeganview,UT,64360,MasterCard,"5590-7689-9432-8004",1,69.31,69.31,Gorgeous Cotton Shoes,2022-05-20,20:28:20
607390,Kub-Stroman,Toys & Movies,"254-57-2322",Taryn Kulas,Female,"586 Cloyd Mission",O'Haratown,MS,10103,Cash,"",10,4.18,41.80,Incredible Plastic Car,2022-03-06,21:55:32
608510,Howell-Mraz,Shoes,"964-10-6591",Ellie O'Kon,Female,"9974 Batz Shoal",Coltenmouth,AZ,20380,EWallet,"16KhJaMzbPL5j8dCkaYqLokkYoF6BdEsc3",3,19.41,58.23,Rustic Rubber Computer,2021-10-30,14:50:04
621301,Corkery Sr.,"Shoes, Industrial & Movies","818-35-2453",Rory Jast,Female,"13745 Spencer Walk",O'Keefefurt,LA,67290,EWallet,"1KUcXmDECWvMj4LS6wozJcTq9pJbEJim1A",7,74.88,524.16,Sleek Steel Shoes,2022-01-21,21:31:57
622067,"Kutch, Hartmann and Runolfsdottir","Movies, Shoes & Health","176-41-4068",Theodora Dibbert,Male,"5384 Mariano Locks",Moenport,PA,89608,AMEX,"3844-207422-38780",7,10.99,76.93,Sleek Cotton Shoes,2022-01-17,14:20:48
622520,Pollich-Klocko,Health,"939-25-9542",Bernice Stamm,Male,"532 Price Mission",Lake Franciscaside,CA,13716,Visa,"4651-6557-7713-6886",6,66.54,399.24,Sleek Wooden Gloves,2022-03-31,14:24:02
623858,Corkery Sr.,Jewelery,"785-44-8230",Calista Hoppe,Male,"29322 Aurore Summit",New Noemi,OK,88952,Cash,"",3,88.19,264.57,Gorgeous Wooden Shirt,2022-04-20,04:33:20
628306,Hilll-Rolfson,Toys & Computers,"164-40-8283",Alvina Zboncak,Female,"80267 Fay Wall",South Edgardo,CA,81846,EWallet,"1E8ViKScQEr5ZLrEhQbSggtUcVVWYbjhNq",5,57.57,287.85,Incredible Plastic Shirt,2022-04-12,23:46:49
630448,Howell-Mraz,Music,"863-46-7490",Verner Lubowitz II,Male,"1429 Marta Cliff",Thompsonfurt,OK,25673,EWallet,"1PA6tXM2zvVEf7wL5RTnkzD6zgDAJhqz1F",3,55.26,165.78,Practical Steel Gloves,2022-05-22,03:49:41
633514,Emard DVM,Movies,"520-44-8493",Mrs. Dino Murphy,Female,"167 Hahn Highway",Goyettefurt,NJ,59510,Cash,"",6,64.57,387.42,Incredible Concrete Computer,2022-02-18,18:32:40
637252,"Kutch, Hartmann and Runolfsdottir","Automotive, Health & Garden","545-29-9397",Maximus Hoeger,Male,"5110 Dietrich Summit",South Annabelleborough,WI,12996,AMEX,"3383-401763-80648",4,53.19,212.76,Sleek Steel Pants,2022-05-23,04:51:16
637394,Pollich-Klocko,"Tools, Garden & Jewelery","310-81-7077",Mrs. Jordane Kilback,Male,"122 Tristin Streets",East Jaquan,MT,51541,EWallet,"16q5mez5tNif5iyjtGvFTevBy1L7LeUP75",9,7.00,63.00,Intelligent Plastic Pants,2022-02-09,07:38:43
638456,Howell-Mraz,"Outdoors, Books & Baby","949-83-6361",Beulah Keeling IV,Female,"636 Geovanny Views",North Jess,NE,73710,Visa,"4847-5580-1696-4082",6,82.10,492.60,Ergonomic Concrete Shirt,2022-04-13,22:53:55
641031,Corkery Sr.,Movies & Toys,"695-69-4011",Mr. Porter Yost,Female,"592 Walter Village",Port Dagmar,MD,67450,MasterCard,"5330-4228-3320-7340",6,10.66,63.96,Rustic Steel Chair,2021-12-26,12:42:31
643308,Corkery Sr.,Movies,"196-87-6930",Lewis Cronin,Female,"2364 Theodora Locks",Kianaborough,ME,64031,Visa,"4607-6590-1799-2851",6,15.16,90.96,Gorgeous Concrete Car,2022-04-17,12:09:29
645650,Witting DVM,"Toys, Books & Games","129-79-8848",Murray Wiza,Male,"7925 Holly Shores",Tillmanhaven,MA,91069,Cash,"",6,12.51,75.06,Fantastic Wooden Pants,2022-05-18,06:24:16
647104,Witting DVM,Health,"281-54-7550",Reina Harris,Male,"93862 Jarred Lodge",New Lonnyland,NM,63870,Cash,"",10,61.50,615.00,Practical Granite Gloves,2021-07-28,21:35:13
648885,"Kutch, Hartmann and Runolfsdottir",Beauty & Toys,"735-58-8029",Sydni Shields,Female,"2994 Micah Mountains",South Vergiestad,AK,12935,Visa,"4960-5583-4526-5307",10,42.37,423.70,Rustic Concrete Gloves,2021-07-27,22:18:32
655660,Hilll-Rolfson,Electronics & Clothing,"281-47-3351",Ophelia Luettgen,Female,"75682 Sauer Lock",North Diamondberg,AK,12893,Cash,"",8,26.34,210.72,Practical Steel Shirt,2022-02-04,10:57:16
659149,Hilll-Rolfson,Tools,"596-42-6272",Thaddeus Fritsch,Female,"57297 Damion Ports",Carletonport,WY,86587,EWallet,"112CovpNrQLqTS1sLjgYRnN8sKKchweGRz",10,16.67,166.70,Gorgeous Cotton Computer,2022-05-13,06:44:52
662799,Bergstrom-Senger,"Grocery, Music & Garden","767-16-1048",Mrs. Makenzie Price,Male,"8834 Michele Cape",Mertzmouth,NH,92314,MasterCard,"5693-4977-9695-1149",4,17.13,68.52,Fantastic Wooden Shoes,2021-11-03,01:30:30
665216,Corkery Sr.,Garden & Sports,"201-36-8166",Rebeka Braun Jr.,Female,"608 Rylee Flats",West Darrel,CT,97848,MasterCard,"5090-3990-5936-2837",10,56.08,560.80,Awesome Steel Pants,2022-04-18,13:42:14
666451,Bergstrom-Senger,Tools & Home,"879-93-3694",Viva Leuschke,Female,"4108 Kutch Junctions",Schaeferport,SC,19509,AMEX,"3837-118479-55128",9,39.35,354.15,Fantastic Cotton Pants,2022-03-20,00:38:27
667970,Emard DVM,Music,"660-24-7059",Sadye Pacocha PhD,Female,"501 Purdy Land",Port Casandraview,IL,79360,EWallet,"17jJiSMPUTHLkt6WA4e5gC4A6GzfpMRXxJ",7,93.22,652.54,Intelligent Granite Gloves,2022-04-26,08:55:39
674873,Mueller II,Beauty,"465-13-3880",Jessy Zboncak,Male,"47930 Greenfelder Junctions",Robertsmouth,FL,23357,AMEX,"3989-215119-16090",2,1.30,2.60,Ergonomic Concrete Chair,2022-05-01,02:00:05
675280,Hilll-Rolfson,Kids & Outdoors,"698-86-6741",Teresa Bartoletti III,Female,"188 Runte Port",Ramirotown,NC,74340,MasterCard,"5345-6919-9647-7187",8,88.32,706.56,Rustic Steel Shoes,2021-07-23,13:03:13
676414,Howell-Mraz,"Clothing, Toys & Automotive","236-59-6589",Cornelius Toy,Male,"454 Trinity Mews",Tiffanyburgh,NM,75741,Cash,"",10,91.04,910.40,Fantastic Cotton Shoes,2022-04-18,18:30:48
677568,Hilll-Rolfson,"Industrial, Automotive & Tools","731-27-2535",Shea Halvorson,Female,"97873 Reichel Brook",Shyannburgh,ND,70356,EWallet,"128sYGdodbjaR3DVfPi4GMWfrspXzgZHyv",6,32.65,195.90,Practical Cotton Shirt,2022-02-06,20:56:17
682597,Pollich-Klocko,Outdoors,"674-87-5972",Elouise Doyle DVM,Female,"470 Pouros Field",West Armandmouth,DE,53367,MasterCard,"5402-3762-2748-5652",1,22.59,22.59,Rustic Concrete Gloves,2021-10-01,09:20:51
682602,Hilll-Rolfson,Beauty,"392-90-5068",Mrs. Meaghan Lueilwitz,Male,"54820 Ashleigh Rest",Hackettport,NV,29695,AMEX,"3258-291821-77161",7,40.83,285.81,Intelligent Plastic Chair,2021-11-16,21:15:44
683671,Emard DVM,"Garden, Clothing & Music","831-87-7192",Maximilian Marvin,Female,"644 Schuster Forges",Prosaccoville,WV,26794,AMEX,"3944-440151-62434",3,70.61,211.83,Sleek Granite Shoes,2022-05-08,10:35:29
685855,Kub-Stroman,Toys,"337-67-8918",Kara Blick,Female,"996 Beer Mountains",Keelychester,SD,99913,MasterCard,"5183-3731-6075-5671",8,11.72,93.76,Intelligent Steel Chair,2022-01-11,07:48:46
691627,Howell-Mraz,Garden & Industrial,"253-64-8908",Mrs. Jaylan Hammes,Male,"3619 Erdman Lock",Oriechester,NJ,67560,Visa,"4905-1523-7035-6103",8,8.24,65.92,Incredible Granite Chair,2022-04-06,03:02:00
696799,Howell-Mraz,Shoes,"507-34-6147",Porter Pollich DDS,Male,"34784 Kiehn Crescent",Pfannerstillview,SC,81727,EWallet,"12RQorpDn5iZsDmC5nTgz3N9SrGHyxqNFc",3,98.45,295.35,Incredible Wooden Shirt,2022-03-24,10:52:35
700912,Emard DVM,Jewelery & Tools,"695-16-5817",Dr. Laury Bruen,Male,"982 Vernon Vista",Port Marian,NJ,56817,AMEX,"3069-753659-96685",6,82.34,494.04,Practical Wooden Chair,2021-11-12,04:22:36
705316,Mueller II,Industrial & Music,"355-71-2274",Ethel Schoen,Male,"3122 Brendan Hollow",North Clair,OR,21301,Visa,"4863-5441-4591-1536",3,94.67,284.01,Incredible Granite Shirt,2022-04-28,12:21:06
706037,Hilll-Rolfson,"Computers, Games & Books","561-84-1580",Mrs. Isobel Bosco,Female,"524 Vincenzo Forges",East Holly,AK,34190,Visa,"4688-6944-3852-9357",5,33.89,169.45,Gorgeous Wooden Shoes,2021-08-11,16:06:03
706116,Corkery Sr.,Games,"834-80-1137",Burdette Trantow,Female,"3408 Nathen Plaza",East Clintfort,IA,91006,AMEX,"3173-877252-19696",8,35.81,286.48,Rustic Concrete Gloves,2021-09-03,09:41:42
709289,"Kutch, Hartmann and Runolfsdottir",Computers & Music,"983-81-3809",Judy Rohan,Female,"5361 Wilderman Pine",East Reilly,WV,13798,Cash,"",10,59.91,599.10,Gorgeous Concrete Shirt,2022-01-15,02:35:21
710282,Bergstrom-Senger,Books,"545-72-5142",Nina Mann,Female,"764 Streich Heights",Lake Dallin,AR,87093,Cash,"",2,56.38,112.76,Rustic Cotton Hat,2022-04-23,11:00:23
710341,Kub-Stroman,"Computers, Kids & Toys","243-42-3921",Jeffery Bernhard,Female,"21596 Willie Oval",Tevinfurt,MS,57449,MasterCard,"5614-7068-1712-5167",10,61.08,610.80,Small Rubber Table,2022-05-13,00:43:45
710393,Emard DVM,Industrial & Jewelery,"325-72-8250",Miss Lucious Fay,Female,"69233 Cartwright Loaf",Johnstonberg,MS,40292,MasterCard,"5669-8463-7140-8245",5,90.61,453.05,Ergonomic Steel Computer,2021-08-20,11:56:46
712845,Mueller II,Computers,"248-47-9706",Blaise Corwin,Male,"165 Madelyn Cape",Savannaburgh,IL,95698,AMEX,"3550-644108-62526",10,2.08,20.80,Awesome Wooden Chair,2021-09-17,12:55:51
717525,Corkery Sr.,Electronics & Beauty,"890-33-5863",Cooper Lowe,Male,"1733 Rutherford Squares",Torpfurt,CT,53587,AMEX,"3782-526120-58784",3,24.56,73.68,Practical Wooden Hat,2022-05-23,05:58:28
718326,Mueller II,Grocery,"852-88-3127",Grayce Abshire Sr.,Male,"1698 Bergnaum Rest",Aminamouth,KY,71728,EWallet,"1FQVXu1pJyU3Suj4M2PZGX8WrT859aNKha",10,39.00,390.00,Small Steel Table,2021-11-29,15:18:44
719250,Hilll-Rolfson,Shoes,"661-74-2950",Miss Sidney Erdman,Male,"2785 Labadie Streets",Kautzerberg,SD,13732,AMEX,"3138-436068-97448",3,62.04,186.12,Rustic Rubber Table,2021-12-22,01:04:04
720272,Corkery Sr.,Health,"805-47-4143",Kali Paucek,Male,"428 Arnulfo Cove",Aliyahberg,RI,40056,Cash,"",4,95.81,383.24,Practical Plastic Hat,2022-03-25,22:36:29
721537,Corkery Sr.,Jewelery & Kids,"833-93-9881",Mrs. Lowell Lockman,Male,"32439 Cremin Springs",North Ninachester,ID,71427,EWallet,"1AWSn2iSnYVKq23jXiDvpx8ErRQwTf792q",1,93.40,93.40,Intelligent Steel Pants,2022-01-28,14:19:12
723019,Witting DVM,Electronics & Beauty,"801-35-1443",Royal Dickinson V,Male,"62758 Destin Rest",Port Tressie,TN,56136,AMEX,"3397-351089-54013",10,50.70,507.00,Incredible Granite Table,2022-03-08,02:44:44
723037,"Kutch, Hartmann and Runolfsdottir","Industrial, Clothing & Movies","653-10-6185",Eden Brown,Male,"27648 Danyka Mall",East Lonnie,AZ,10203,AMEX,"3497-895770-39774",6,6.95,41.70,Practical Plastic Car,2021-12-16,02:48:01
724291,Mueller II,Garden,"929-97-5385",Golda Howe,Female,"979 Haag Street",Kayleymouth,PA,46749,AMEX,"3941-991950-61235",8,64.05,512.40,Small Wooden Chair,2022-03-31,15:10:39
724898,Corkery Sr.,Garden & Home,"657-38-8583",Shyanne Mertz,Female,"303 Ezra Turnpike",West Anselhaven,SD,49111,MasterCard,"5058-1018-2965-5709",5,39.79,198.95,Fantastic Steel Shirt,2022-02-07,07:33:55
726162,Emard DVM,"Computers, Baby & Health","118-95-9465",Carolina Leffler,Female,"90245 Graham Parkway",West Janieport,KS,74594,EWallet,"1Tz9MLxxpWhGH8kdBYs6LdL2rawefWgS5",7,1.18,8.26,Gorgeous Wooden Computer,2021-10-29,16:25:06
727169,Emard DVM,Clothing & Grocery,"256-30-2880",Gracie Koelpin V,Female,"5769 Kreiger Pike",Lake Maurine,MO,40663,EWallet,"1PjAxH8QNNE692CPLwHBE4MYAg3hKX3Msq",4,83.54,334.16,Awesome Plastic Hat,2022-01-22,21:41:25
729891,Hilll-Rolfson,"Beauty, Shoes & Home","254-18-2261",Rolando Powlowski,Male,"535 Wilber Terrace",North Daniellastad,NY,46060,EWallet,"1kHigrGi1qu38sEjem3DupXUYBTKX32AN",8,15.56,124.48,Fantastic Concrete Hat,2022-05-20,13:58:44
730177,Howell-Mraz,Books,"104-63-7109",Dr. Evalyn Stiedemann,Female,"5786 Charlotte Via",Lake Torrance,DE,52913,Cash,"",1,10.77,10.77,Awesome Steel Chair,2022-05-10,16:08:37
733272,Witting DVM,"Baby, Music & Grocery","790-44-4998",Dr. Victoria Collier,Female,"834 Mante Tunnel",Wilkinsonfurt,OR,48194,Visa,"4001-4560-1087-7209",8,42.32,338.56,Awesome Steel Shoes,2022-01-06,22:19:12
738389,Corkery Sr.,"Books, Beauty & Toys","456-93-5891",Susanna Abernathy,Female,"206 Keshaun Cliffs",East Juniusmouth,GA,97192,EWallet,"1beDAkqP6FFEuFg5xWxmrnKMtPxggn49e",10,48.40,484.00,Ergonomic Plastic Table,2022-03-31,12:23:11
738761,"Kutch, Hartmann and Runolfsdottir",Toys,"909-13-8795",Ms. Aimee Mayert,Female,"51202 Swift Grove",Port Fostermouth,MT,96253,EWallet,"12yyt3EgScy2Kstcdkbz155mNCuKUA97ig",1,55.18,55.18,Ergonomic Cotton Computer,2022-03-21,03:56:18
743687,Howell-Mraz,"Jewelery, Beauty & Grocery","327-83-8749",Pearline Blanda,Male,"2341 Luz Ports",New Theresa,KS,82126,MasterCard,"5342-7870-7820-3751",8,31.75,254.00,Fantastic Wooden Chair,2022-05-14,04:11:17
745845,Howell-Mraz,Movies & Electronics,"262-56-6587",Enid Hahn,Male,"2988 Connie Key",South Maud,PA,30011,EWallet,"176e2gg5j84F78V4rcrfBUYpP4Rx4ovRPd",10,84.59,845.90,Intelligent Granite Table,2022-04-16,12:37:59
745893,Howell-Mraz,Tools & Jewelery,"134-29-2313",Thaddeus Bogan,Male,"973 Connelly Hill",East Nedstad,MN,47220,MasterCard,"5525-7315-3731-5797",1,12.84,12.84,Fantastic Wooden Hat,2022-04-26,01:58:03
746914,Kub-Stroman,"Kids, Clothing & Sports","849-33-5803",Emma Runte,Male,"66205 Glen Land",New Mariemouth,MT,79062,AMEX,"3904-674302-53517",9,52.16,469.44,Practical Wooden Hat,2022-05-19,17:23:43
749223,Mueller II,Electronics & Jewelery,"385-38-8197",Nash Stracke,Male,"398 Goyette Key",South Newton,NE,38261,AMEX,"3745-670465-83764",1,51.80,51.80,Sleek Concrete Gloves,2022-04-04,19:44:12
750106,Witting DVM,Industrial,"343-57-2954",Rhett Batz V,Female,"3822 Bella Street",Brekkemouth,DE,92130,AMEX,"3047-760811-30682",8,59.60,476.80,Practical Cotton Car,2022-01-20,06:40:29
750980,Kub-Stroman,Home & Books,"243-21-2547",Marilou Schimmel,Female,"79218 Greenfelder Parks",Kileyview,MD,46980,AMEX,"3422-163892-71731",4,38.20,152.80,Sleek Concrete Computer,2022-01-30,03:47:06
751758,Witting DVM,Movies,"482-16-1720",Sophia Jones,Female,"98562 Penelope Canyon",Hillsshire,NH,93352,AMEX,"3583-584603-39894",5,27.67,138.35,Practical Cotton Table,2022-05-21,07:53:23
753255,Kub-Stroman,Automotive & Movies,"743-19-6619",Otho Bednar,Male,"19747 Jakubowski Point",New Amandaborough,TN,94848,MasterCard,"5016-6679-2602-4501",3,28.81,86.43,Intelligent Wooden Chair,2021-11-11,23:30:07
753453,Corkery Sr.,Shoes,"938-71-7865",Neal Padberg,Female,"662 Anastacio Hill",Stiedemannbury,VA,44313,AMEX,"3102-703398-88975",8,40.66,325.28,Sleek Wooden Chair,2022-05-06,19:52:56
754872,Emard DVM,"Health, Toys & Garden","553-61-1201",Art Mosciski,Male,"556 Bernhard Hill",South Mollie,VA,11596,Visa,"4779-4699-2137-2556",7,18.75,131.25,Intelligent Cotton Car,2022-03-12,06:53:31
756444,Howell-Mraz,Sports & Music,"204-23-7174",Miss Aditya Cruickshank,Male,"252 Kaleigh Bridge",North Floridaview,CA,65096,Cash,"",10,92.06,920.60,Fantastic Plastic Hat,2022-02-28,02:03:50
763514,Hilll-Rolfson,Grocery & Health,"312-82-5308",Roderick Kozey,Female,"5897 Ardith Burg",East Vitaberg,MT,92217,Cash,"",8,36.34,290.72,Incredible Granite Gloves,2022-03-30,17:36:45
765471,Witting DVM,Industrial,"294-82-7788",Golden Kuvalis,Male,"5708 Gerhold Center",West Loren,OH,10252,Cash,"",10,38.84,388.40,Ergonomic Plastic Hat,2021-12-19,11:12:34
766190,Mueller II,Jewelery,"685-66-4217",Vance Leuschke III,Female,"86652 Brenden Loop",O'Keefeton,OK,75623,MasterCard,"5658-4093-4473-5005",8,8.60,68.80,Sleek Granite Pants,2022-05-02,08:19:50
767129,Corkery Sr.,Health,"927-40-6549",Ellis Langosh,Female,"388 DuBuque Lodge",Lake Jarretport,AZ,26168,Cash,"",8,21.90,175.20,Practical Plastic Chair,2021-12-28,02:42:11
768884,"Kutch, Hartmann and Runolfsdottir",Kids & Toys,"423-49-6183",Bessie Kunde,Male,"910 Effertz Unions",Lake Randihaven,OR,48455,Visa,"4286-7934-1312-2382",8,18.15,145.20,Intelligent Steel Computer,2021-09-28,07:14:24
769517,Witting DVM,Computers,"364-14-3268",Doris Harvey,Female,"818 Blanda Junction",Waterston,LA,29124,Cash,"",9,92.71,834.39,Incredible Plastic Pants,2022-03-29,06:07:32
773791,Emard DVM,Toys,"335-79-6176",Miss Lavon Hessel,Female,"21330 Considine Dam",Evangelineton,AR,14914,AMEX,"3317-740362-70550",7,76.08,532.56,Awesome Steel Hat,2022-01-30,14:57:02
775198,Hilll-Rolfson,Baby & Music,"362-43-8994",Jaylan Stark,Male,"328 Name Loop",Port Muhammadview,OK,38720,Cash,"",6,67.08,402.48,Incredible Rubber Shirt,2022-04-19,22:55:38
776808,Emard DVM,Electronics & Clothing,"960-44-9894",Leopold Stokes,Male,"7659 Ophelia Way",Kanetown,MS,37100,MasterCard,"5952-9300-6851-4247",8,88.05,704.40,Gorgeous Cotton Car,2022-05-22,13:20:01
778866,Hilll-Rolfson,"Garden, Industrial & Movies","320-93-7728",Deja Klein,Female,"18430 Conrad Corner",North Myron,MN,66604,Visa,"4856-2388-5556-5353",6,69.22,415.32,Gorgeous Granite Chair,2021-08-17,23:56:22
778873,Kub-Stroman,"Beauty, Outdoors & Music","342-41-8508",Mrs. Reina Jakubowski,Male,"1687 Sporer Mountains",Schowaltermouth,MD,89080,EWallet,"1GBfUn7NHFVfJYfdnqrsiWDThLZZRdC5GZ",2,16.91,33.82,Fantastic Wooden Computer,2022-04-09,18:40:27
782251,Emard DVM,Games,"412-19-9685",Angel Runolfsson,Female,"494 Purdy Vista",Shieldston,ID,83581,EWallet,"1LJR9YBJ25pCViEKA38dLMshuh7iMB89e",4,5.38,21.52,Small Rubber Shirt,2022-04-29,20:20:35
785829,Witting DVM,"Industrial, Baby & Electronics","345-46-1164",Sean Purdy,Female,"28230 Wehner Loop",Conradmouth,VT,30569,AMEX,"3803-795636-91908",2,32.23,64.46,Awesome Steel Chair,2022-04-19,02:19:00
787722,Pollich-Klocko,Outdoors,"781-69-9266",Cindy Simonis,Male,"52444 Luettgen Stravenue",Port Gwendolynberg,MO,51452,AMEX,"3968-692624-55539",10,71.28,712.80,Gorgeous Granite Car,2022-05-21,22:07:01
789163,"Kutch, Hartmann and Runolfsdottir",Music,"309-65-5581",Celia Schumm,Female,"75639 Rebekah Meadow",South Arnold,IL,36313,AMEX,"3305-880111-61049",3,94.85,284.55,Small Wooden Shirt,2022-04-08,05:32:03
791219,Kub-Stroman,Computers & Health,"815-46-1326",Shea Graham,Male,"2301 Koss Inlet",Nolanborough,MN,13027,EWallet,"12mKH2x2KfXkB3g81ktsq9T3nKozqtLdda",8,78.04,624.32,Intelligent Wooden Hat,2022-05-02,20:19:33
794868,Emard DVM,"Outdoors, Books & Computers","772-82-8785",Bernard Rowe,Male,"9586 Gottlieb Views",South Gertrude,NC,20363,Cash,"",10,12.89,128.90,Practical Rubber Computer,2022-05-06,20:30:31
798137,Howell-Mraz,Toys,"919-97-8946",Clinton Wisozk,Female,"69430 Henderson Landing",Jayfort,SD,66740,EWallet,"14LfUxdrdqE2X6gR4eq5wRLmhES8Ue1GcZ",1,16.61,16.61,Intelligent Wooden Gloves,2022-04-11,03:55:41
801706,Witting DVM,"Outdoors, Grocery & Books","818-38-2713",Juliana Kutch,Male,"27925 Gretchen Vista",Alfordside,DE,62429,MasterCard,"5836-8278-8632-5052",2,91.88,183.76,Sleek Plastic Car,2022-04-17,16:31:59
816952,Kub-Stroman,Games & Toys,"377-93-7438",Dorian Pacocha,Female,"107 Abbott Drive",West Tate,ME,77598,Visa,"4769-9742-9992-6149",9,15.62,140.58,Rustic Plastic Gloves,2021-08-20,08:03:50
821753,Emard DVM,Books,"727-93-6555",Joseph Volkman,Male,"2602 Howe Lock",Sauershire,PA,67784,EWallet,"1Pm1ixiXPsDvXwxXwLKPbAYxoqDR8mgG6c",7,43.84,306.88,Practical Steel Gloves,2022-01-28,21:37:15
822455,Pollich-Klocko,Computers,"613-96-1370",Mrs. June Runolfsdottir,Male,"214 Dakota Walks",East Koryville,CT,17638,Visa,"4314-7333-4652-7112",9,0.68,6.12,Awesome Concrete Gloves,2022-05-22,21:06:16
822501,Mueller II,"Automotive, Kids & Movies","203-49-2275",Miss Everardo Jakubowski,Male,"99945 Stracke Islands",Parkerberg,NV,81863,Visa,"4249-7508-5185-8948",3,17.41,52.23,Practical Wooden Pants,2022-04-30,17:38:41
827974,Emard DVM,Shoes & Electronics,"311-84-3157",Miss Sheldon Steuber,Female,"846 Beaulah Gardens",Othatown,MI,74988,MasterCard,"5425-1854-1204-7548",4,65.34,261.36,Incredible Concrete Hat,2022-05-06,06:36:44
829325,"Kutch, Hartmann and Runolfsdottir",Baby & Music,"202-74-3416",Fabian Hoppe,Female,"2707 Aaliyah Isle",Mrazview,NJ,34683,EWallet,"189cox87ykQ7jU91NPuRsL57n4aEYAw2Fr",3,96.01,288.03,Incredible Granite Shoes,2022-03-13,20:41:36
830884,Kub-Stroman,Jewelery,"669-78-2398",Lura Gibson,Male,"32530 Langosh Hollow",North Coltshire,ME,45453,AMEX,"3960-684155-32456",6,9.29,55.74,Sleek Wooden Shoes,2021-12-07,07:57:13
832075,Bergstrom-Senger,"Outdoors, Toys & Beauty","722-83-1480",Joany Nicolas,Female,"29498 Saige Mount",Jarodborough,NJ,94393,AMEX,"3329-501107-97455",6,45.98,275.88,Sleek Rubber Computer,2022-02-11,23:14:35
832181,Howell-Mraz,"Electronics, Outdoors & Games","351-94-4325",Jada Barton,Male,"8533 Fisher Station",Hesterport,MS,30227,Visa,"4970-2177-9800-9001",9,2.61,23.49,Gorgeous Rubber Car,2021-11-19,18:05:53
833549,Mueller II,"Sports, Grocery & Outdoors","644-36-6465",Felix Hegmann MD,Male,"49802 Samanta Islands",Cynthiaborough,SD,26098,MasterCard,"5868-4352-9469-2484",9,4.56,41.04,Ergonomic Plastic Shirt,2021-10-14,06:03:35
833962,Kub-Stroman,Industrial & Tools,"779-95-3495",Ms. Mafalda Fisher,Male,"2586 Konopelski Corner",West Carmela,CT,81284,MasterCard,"5227-8902-9643-1426",9,39.73,357.57,Awesome Concrete Pants,2022-01-26,17:03:26
843282,Corkery Sr.,"Beauty, Electronics & Baby","981-55-1242",Eden Lehner,Male,"58164 Evert Cove",Harrisfort,KS,56462,MasterCard,"5058-7463-5979-2675",1,13.63,13.63,Intelligent Rubber Computer,2022-04-26,01:43:08
847405,Witting DVM,Outdoors & Beauty,"714-62-8591",Prince Kling V,Male,"75174 Aufderhar Walks",East Jakobfort,AL,86885,MasterCard,"5503-6640-3203-8737",7,84.77,593.39,Practical Wooden Car,2022-02-02,08:55:52
847840,Corkery Sr.,Computers,"587-78-1173",Brielle Walter Jr.,Male,"407 Fadel Valley",Goldnershire,LA,97744,EWallet,"132AfveNPstJ6wrHQqX2A2SPBfqS4bZ8u3",10,29.63,296.30,Small Wooden Shirt,2022-05-23,12:31:44
847843,Howell-Mraz,"Jewelery, Automotive & Beauty","655-74-4521",Mrs. Bertram Gusikowski,Female,"3785 Wilkinson Tunnel",Andersonview,NM,38980,Visa,"4915-1825-5469-5183",8,14.49,115.92,Sleek Cotton Shoes,2022-04-20,12:22:14
849028,Emard DVM,Baby & Sports,"226-75-9636",Frederic Schinner PhD,Male,"657 Welch Mountain",Lake Dewayne,AZ,29697,Visa,"4954-5201-3841-5974",4,27.92,111.68,Incredible Concrete Gloves,2022-02-11,07:35:31
852493,Hilll-Rolfson,Baby,"341-57-9951",Dr. Jaquelin D'Amore,Male,"3215 Bernier Shoal",East Feltonville,KS,97654,Visa,"4784-4604-1583-1096",1,17.84,17.84,Intelligent Rubber Hat,2022-03-21,07:19:37
853922,Witting DVM,Baby & Toys,"495-16-4178",Maud Rosenbaum V,Female,"71349 Deckow Landing",Loweborough,KS,22605,MasterCard,"5854-1796-7324-5717",10,96.66,966.60,Sleek Rubber Chair,2022-02-04,01:52:40
855905,Emard DVM,Games,"801-32-6778",Mr. Larue O'Reilly,Female,"97226 Dominique Unions",New Laura,SD,79562,EWallet,"1GY6bM67yRjQrm3fGuNuyqqe8KtGghndwk",8,44.24,353.92,Ergonomic Cotton Hat,2022-01-03,00:56:13
858540,Emard DVM,Baby & Movies,"807-81-6162",Annabel Steuber,Male,"359 Taryn Stream",New Deanna,LA,37197,Cash,"",3,51.29,153.87,Ergonomic Plastic Shirt,2022-02-26,03:32:31
866185,Witting DVM,Kids & Electronics,"229-64-7619",Golda Langosh,Male,"65554 Feest Squares",West Wilmerhaven,NJ,67131,AMEX,"3485-110939-63344",4,48.57,194.28,Ergonomic Plastic Table,2022-02-22,23:42:52
868743,Kub-Stroman,"Books, Beauty & Sports","334-97-7305",Elisa Prosacco MD,Male,"75176 Jade Tunnel",Emiliashire,NJ,54177,Visa,"4583-3341-5341-1767",4,90.54,362.16,Incredible Wooden Gloves,2021-08-19,13:22:04
870018,Pollich-Klocko,"Games, Jewelery & Electronics","603-51-7668",Ms. Rex Marquardt,Male,"665 Xzavier Cove",Josefinabury,KY,58106,EWallet,"1K9ahJjPLGKti9zwWnG2t1ssC7nwPGsXV6",6,23.96,143.76,Rustic Granite Table,2022-05-19,19:37:06
874931,Witting DVM,Music & Shoes,"401-27-2704",Arnold Feeney,Male,"610 Luigi Forest",Halfort,SC,86302,Cash,"",7,67.97,475.79,Gorgeous Steel Shoes,2022-05-12,10:31:10
875172,Bergstrom-Senger,Grocery,"202-67-9336",Ali Beahan,Male,"22050 Lexus Meadow",Port Shirleyville,VA,84256,AMEX,"3430-479511-12246",8,5.00,40.00,Gorgeous Cotton Shoes,2022-05-22,07:03:26
877989,Kub-Stroman,Outdoors & Books,"432-75-4431",Naomie Powlowski I,Female,"85722 Fisher Cliffs",North Everett,WI,22615,MasterCard,"5429-4534-3199-2605",6,71.23,427.38,Rustic Steel Table,2022-02-06,06:37:49
879340,Emard DVM,Kids & Outdoors,"927-45-3899",Dayton Gislason IV,Female,"850 Zboncak Fall",Corwinhaven,VA,74651,EWallet,"13SuEdjsUJiisGFq75YctNrPrg1YTQHh7z",7,20.43,143.01,Ergonomic Granite Table,2022-05-13,14:50:39
880934,Kub-Stroman,"Baby, Outdoors & Grocery","136-46-5433",Yadira Corwin MD,Male,"7280 Marilou Manor",West Dasia,NJ,23789,Visa,"4943-8930-5977-2625",6,57.48,344.88,Practical Concrete Table,2022-04-11,17:13:14
889276,Hilll-Rolfson,Health,"493-51-1597",Mr. Kacie Schaefer,Male,"576 Kilback Manor",Watsicaton,GA,22082,MasterCard,"5938-6995-3743-9708",5,10.57,52.85,Awesome Granite Shirt,2022-05-22,13:16:54
890522,Hilll-Rolfson,"Kids, Home & Electronics","851-46-3691",Lenna Sanford,Male,"9996 Syble Light",Nealside,RI,28610,MasterCard,"5593-5788-8175-3928",1,89.97,89.97,Ergonomic Wooden Hat,2022-04-25,06:54:33
892008,Witting DVM,"Shoes, Automotive & Sports","231-13-8013",Josianne Padberg,Female,"4670 Gulgowski Forest",West Madelineton,WI,62138,Visa,"4075-2113-9709-6829",10,52.06,520.60,Small Steel Car,2021-10-27,07:00:17
892242,Pollich-Klocko,"Games, Outdoors & Home","402-26-5455",Diego Hahn,Male,"8598 Lynn Islands",New Dexter,AZ,79279,AMEX,"3210-345819-88023",1,83.52,83.52,Intelligent Granite Gloves,2022-04-27,01:40:35
893853,Pollich-Klocko,Sports & Games,"568-57-4521",Pamela Kuhn,Female,"429 Roma Corner",Port Treverton,WY,69215,EWallet,"1r3hLc2Tx156btfE3nuCc3o2b1nbK2Kos",8,94.02,752.16,Gorgeous Granite Shirt,2022-03-01,19:44:20
893985,Hilll-Rolfson,Music,"841-88-7454",Nellie Paucek,Male,"6547 Leanna Isle",Morissettemouth,IL,42663,Visa,"4095-4799-5078-3534",9,90.24,812.16,Practical Cotton Chair,2021-12-08,06:31:37
896128,Howell-Mraz,"Electronics, Health & Toys","135-66-4988",Joshua Schuster III,Female,"669 Altenwerth Springs",Beierland,DE,51889,EWallet,"1M34qexo7kKmEvyamJsfjMsR6K616bQKwt",9,73.45,661.05,Practical Cotton Computer,2022-04-21,23:43:25
899091,Hilll-Rolfson,"Home, Baby & Games","258-55-4705",Aurelia Witting,Female,"713 Enrico Brooks",New Ramon,MS,97290,AMEX,"3799-102126-18436",4,85.37,341.48,Incredible Granite Shoes,2022-03-10,09:40:54
900223,Bergstrom-Senger,Jewelery,"143-68-7717",Zack Bernier,Female,"616 Mann Orchard",South Adelbert,AR,95222,MasterCard,"5705-1179-2384-8290",1,25.68,25.68,Fantastic Concrete Shoes,2022-05-07,19:17:20
904354,Kub-Stroman,"Music, Toys & Kids","274-69-4604",Pink Crist,Male,"331 Veda Trail",Darianstad,SC,75962,EWallet,"1P3yQqr8vPfhuAvKcB1czhvMKsteM6uFP4",1,93.68,93.68,Intelligent Steel Car,2022-04-23,00:17:40
904785,Hilll-Rolfson,"Industrial, Home & Toys","386-87-6909",Jewell Johnson,Female,"147 Enrique Fall",South Aylin,VT,75540,MasterCard,"5652-9380-1062-4975",4,47.70,190.80,Sleek Granite Shirt,2022-04-19,09:30:58
904870,Bergstrom-Senger,"Home, Industrial & Sports","962-47-7131",Garnett Medhurst,Female,"362 Sid Forest",South Anthonyburgh,SC,73757,AMEX,"3561-695742-32064",1,2.43,2.43,Gorgeous Rubber Shirt,2022-05-14,21:23:03
907508,"Kutch, Hartmann and Runolfsdottir",Books,"291-76-4592",Marcos Berge,Female,"7427 Rempel Lock",South Russellview,MT,51212,Cash,"",10,27.37,273.70,Rustic Concrete Computer,2022-01-21,05:02:19
907786,Corkery Sr.,"Garden, Kids & Jewelery","745-13-9761",Marcos Nikolaus,Male,"37477 Haley Ramp",Port Karlton,MD,17736,MasterCard,"5608-2072-6680-4571",1,67.46,67.46,Intelligent Steel Table,2022-02-06,13:09:03
908434,Witting DVM,"Sports, Music & Kids","263-10-9012",Ms. Camron Jaskolski,Male,"92102 Clarabelle Mall",Rogahnshire,KY,60656,EWallet,"1Gph5QWQjUXSwS8q9pvG1zC3KdCgPAgRVu",5,33.21,166.05,Gorgeous Plastic Car,2021-08-08,00:11:06
908501,"Kutch, Hartmann and Runolfsdottir",Garden,"381-19-9642",Dawson Flatley DVM,Female,"6417 Lubowitz Coves",Ashaview,CA,98126,Cash,"",9,74.11,666.99,Rustic Wooden Table,2022-03-29,16:10:30
911605,Emard DVM,Shoes,"216-42-2819",Carey Reynolds IV,Male,"73244 Johnson Common",North Angeline,MI,92102,AMEX,"3720-497455-90676",6,48.87,293.22,Ergonomic Concrete Table,2022-04-22,19:33:22
911667,Emard DVM,Garden & Health,"812-88-7456",Ivah Rohan,Male,"637 Rosendo Forks",New Elias,MS,65746,Visa,"4558-3083-7307-9861",4,71.69,286.76,Awesome Wooden Chair,2021-08-13,01:17:23
912177,Hilll-Rolfson,Toys & Jewelery,"204-57-3315",Elda Tromp,Male,"714 Stiedemann Estates",Port Aleen,MD,20530,AMEX,"3043-467178-65542",10,32.82,328.20,Ergonomic Rubber Shoes,2022-04-07,19:39:30
916869,"Kutch, Hartmann and Runolfsdottir",Games & Health,"280-23-1998",Ms. Isadore Kulas,Male,"448 Amiya Plaza",Port Agustinhaven,OR,72682,MasterCard,"5658-7821-5629-6425",3,90.52,271.56,Fantastic Rubber Computer,2022-05-08,05:27:07
917773,Corkery Sr.,Clothing & Health,"484-85-9632",Mabel Veum,Male,"910 Frami Isle",North Dayna,AR,43687,AMEX,"3707-426088-11119",9,21.02,189.18,Small Concrete Hat,2022-04-10,03:02:40
918365,Hilll-Rolfson,"Health, Outdoors & Movies","711-56-3019",Magnolia Hilpert,Male,"78345 Buckridge Passage",South Jodieshire,AZ,19685,AMEX,"3362-397409-97781",3,56.82,170.46,Gorgeous Rubber Shirt,2022-02-05,04:56:24
921817,Bergstrom-Senger,Books,"527-70-3765",Vida Weimann,Male,"507 Larson Isle",Port Elza,WI,99931,Cash,"",5,32.87,164.35,Small Plastic Car,2022-05-15,22:29:38
923488,Hilll-Rolfson,Shoes,"715-63-5853",Keara Lehner,Male,"3883 Fahey Island",Desmondmouth,SC,72996,AMEX,"3084-492081-74733",6,85.72,514.32,Sleek Steel Chair,2022-05-17,04:11:10
929369,Emard DVM,"Sports, Automotive & Garden","114-52-2121",Gilbert Schinner,Female,"3419 Zackary Hill",Josueview,AZ,21473,MasterCard,"5639-3192-4379-1712",1,49.80,49.80,Gorgeous Granite Chair,2022-05-22,03:34:37
929822,Pollich-Klocko,"Shoes, Health & Outdoors","503-96-4686",Marianna Satterfield PhD,Female,"8895 Connor Keys",Donnellhaven,RI,66909,Cash,"",2,61.89,123.78,Gorgeous Concrete Table,2022-02-05,06:46:24
935252,Hilll-Rolfson,Automotive,"800-55-3682",Rey Sawayn,Male,"80424 Viviane Manor",Schmidtland,AL,53695,AMEX,"3454-540697-73620",2,16.91,33.82,Small Steel Shirt,2022-02-13,23:40:36
939127,Emard DVM,Beauty & Music,"670-97-1656",Ms. Robyn Berge,Female,"836 Cali Port",West Arely,ND,16836,AMEX,"3562-138106-95163",9,81.57,734.13,Intelligent Cotton Chair,2022-05-23,12:00:31
940126,Mueller II,"Outdoors, Shoes & Beauty","967-31-7616",Maryam Murray,Male,"4999 Yost Island",Dillanview,MI,56174,MasterCard,"5734-4815-9047-7374",4,5.21,20.84,Fantastic Wooden Computer,2022-05-01,20:36:03
941266,Pollich-Klocko,Tools,"456-35-1628",Dereck Graham,Male,"87381 Bernice Alley",North Madelinefurt,WI,47187,EWallet,"12uo4A6WqkKkq1zcGycTRZgrLDe9jU2PrK",3,49.25,147.75,Intelligent Cotton Pants,2022-03-31,18:44:29
943571,Emard DVM,Jewelery,"907-28-2653",Genevieve Rohan,Male,"1838 West Meadow",Vonberg,AZ,21905,AMEX,"3286-595362-90455",8,78.95,631.60,Sleek Concrete Table,2022-04-07,23:00:08
943699,Emard DVM,"Baby, Health & Outdoors","499-81-5557",Junior Wisoky,Male,"6807 Althea Square",Emmerichstad,ME,83450,EWallet,"1M6D377eoQC2Yt5Db8awAuYXioJWmqvh7F",10,13.22,132.20,Awesome Concrete Pants,2022-04-06,12:23:49
945568,Hilll-Rolfson,"Kids, Sports & Baby","346-25-1262",Adelbert Bosco,Female,"93121 Erich Lane",Port Garett,IA,83056,AMEX,"3965-979438-26624",3,63.38,190.14,Sleek Concrete Chair,2022-05-21,08:57:52
949916,Emard DVM,Health & Beauty,"425-97-7707",Donnell Wuckert,Female,"907 Ted Rapid",Dickinsonfort,MA,48244,AMEX,"3110-713317-85251",2,5.97,11.94,Ergonomic Concrete Gloves,2021-10-03,06:19:18
955968,Pollich-Klocko,Music & Movies,"261-89-5460",Sonya Weissnat,Male,"921 Salvatore Crossing",West Meghanberg,GA,26874,Visa,"4717-2486-9870-7230",3,7.24,21.72,Incredible Wooden Shoes,2022-04-01,07:53:33
960905,Bergstrom-Senger,Tools,"249-71-7733",Josephine Boyle,Female,"90393 Ciara Trafficway",Hamillbury,VA,23576,Cash,"",6,14.34,86.04,Sleek Plastic Chair,2022-03-05,01:01:24
961830,Howell-Mraz,Baby,"141-96-1416",Otis Douglas,Male,"8460 Cedrick Square",New Gregory,ND,50788,MasterCard,"5902-9287-5746-6783",1,29.16,29.16,Rustic Wooden Computer,2022-04-10,15:10:27
961834,Bergstrom-Senger,Health & Beauty,"125-17-2616",Maya Rath,Female,"4056 Collins Meadows",Harberfurt,FL,17744,EWallet,"17ZrJKdpKKYmbbWbBFAzWKhSKo5GinRFRQ",8,53.85,430.80,Ergonomic Wooden Shoes,2021-10-31,15:50:56
962855,Witting DVM,"Books, Movies & Shoes","199-51-5960",Miss Gaetano Little,Female,"1685 Juliana Shores",New Omerburgh,CO,72776,Visa,"4418-9173-8896-3436",9,68.64,617.76,Fantastic Steel Shoes,2022-03-03,03:34:11
962911,"Kutch, Hartmann and Runolfsdottir",Electronics,"768-77-3957",Mafalda Schumm,Male,"6250 Margarett Loop",Schultzside,ID,73097,EWallet,"13RfYEb3pD1X8R3Y8ohq7hQeZ4kKx8ohPp",6,15.43,92.58,Awesome Rubber Chair,2022-02-15,14:19:48
964656,Bergstrom-Senger,"Movies, Industrial & Shoes","941-98-4830",Andre Johnson,Female,"297 Dorthy Center",Port Erin,NJ,89638,MasterCard,"5903-7609-7810-2631",3,73.70,221.10,Incredible Rubber Gloves,2022-01-27,17:37:25
965099,Witting DVM,"Electronics, Games & Computers","545-49-4391",Shad Klein,Male,"691 Edison Overpass",Lebsackview,OR,18526,MasterCard,"5834-2334-9440-4800",4,12.39,49.56,Awesome Rubber Chair,2022-05-03,10:40:50
965483,Hilll-Rolfson,Clothing & Automotive,"383-47-9887",Lera Hartmann,Male,"3180 Hoppe Valleys",New Citlalli,DE,86394,MasterCard,"5275-9315-4330-7463",5,84.37,421.85,Gorgeous Rubber Car,2022-05-07,17:39:52
966877,Howell-Mraz,Games,"870-66-6561",Meda Torphy IV,Male,"2108 Bechtelar Alley",Cruickshankmouth,ME,53328,MasterCard,"5420-2166-3499-1149",6,46.09,276.54,Rustic Granite Pants,2022-05-11,19:07:12
969287,Hilll-Rolfson,Grocery,"707-49-1372",Efrain Cruickshank,Female,"919 Hudson Well",Zulauffurt,LA,39294,Visa,"4578-6531-7354-8081",4,78.10,312.40,Practical Concrete Table,2022-04-12,07:37:06
969886,Hilll-Rolfson,Beauty & Home,"421-40-6744",Dr. Lavinia Johns,Male,"3004 Lamont Course",South Jakayla,NJ,63497,AMEX,"3512-704552-84020",1,0.67,0.67,Gorgeous Plastic Table,2021-12-30,23:16:38
978655,Howell-Mraz,Home & Garden,"291-59-4497",Mrs. Drake Russel,Female,"2300 Judd Spur",Audiebury,DE,34033,EWallet,"1Lw38MFbtyyyvCmVAb31CejWKgZ2qTbUcP",3,0.17,0.51,Fantastic Cotton Chair,2022-04-21,07:22:17
982034,"Kutch, Hartmann and Runolfsdottir",Clothing & Home,"416-74-1446",Aurelia Rutherford,Male,"94931 Noemie Locks",Alexisburgh,WA,39084,Visa,"4673-7234-9762-8433",9,60.11,540.99,Awesome Rubber Shirt,2022-01-13,04:17:53
984268,Howell-Mraz,Sports,"767-44-6051",Fernando Emard II,Female,"978 Carter Falls",East Joseshire,MN,13551,Visa,"4939-7106-1676-7941",7,52.69,368.83,Intelligent Granite Shirt,2022-05-01,05:44:45
990253,Emard DVM,Clothing & Movies,"876-92-2588",Reinhold Carter,Female,"74844 Nadia Place",Lake Scotville,WV,16371,EWallet,"16KFMem78zcPxAAhPeryDnQMs1bBZgpGZf",8,48.57,388.56,Practical Granite Table,2022-02-18,12:47:03
990780,Witting DVM,Industrial & Garden,"721-63-6648",Camila Luettgen,Female,"7925 Ledner Overpass",Lisandrofurt,NH,93354,AMEX,"3434-249665-78729",2,82.17,164.34,Small Concrete Gloves,2022-02-20,22:09:42
991465,Emard DVM,Automotive,"670-29-7764",Althea Ratke DDS,Male,"34855 Leslie Burgs",Deanfurt,OH,70530,EWallet,"1CrmNxEfk9Npm2dLVKqFu1z7TEe4AW9wvy",5,7.99,39.95,Ergonomic Rubber Shirt,2022-03-11,17:39:21
995213,Corkery Sr.,Home,"556-67-8595",Janessa Wisozk,Male,"315 Kirstin Forest",North Tabitha,AK,28475,Cash,"",4,8.55,34.20,Gorgeous Rubber Chair,2021-12-29,21:17:24
996189,Bergstrom-Senger,Home & Sports,"408-68-5165",Tre Konopelski,Female,"42460 Laney Corner",Bahringerborough,TX,52300,EWallet,"1C2FpRg7dkFHuGVGLoyVvnY3TcKf6426bZ",5,98.73,493.65,Gorgeous Granite Gloves,2022-04-14,10:29:39
996563,Witting DVM,Movies,"409-44-1427",Marjory McCullough DDS,Female,"203 Turcotte Parkway",McCulloughport,NM,82819,EWallet,"1AUEkXwvoZdjtACwKZSpf6wfPm6TEf34Yv",8,51.07,408.56,Fantastic Rubber Hat,2022-04-28,04:54:10
999561,Witting DVM,Shoes,"699-54-8179",Mr. Adela Waters,Female,"479 Joey Vista",Hauckshire,VT,83657,Cash,"",4,37.88,151.52,Incredible Granite Hat,2022-05-14,15:11:19
999828,Hilll-Rolfson,"Baby, Jewelery & Books","477-65-7823",Brooks Fisher,Female,"954 Fredrick Shoal",New Ewell,VA,49070,AMEX,"3216-487418-68560",8,25.84,206.72,Small Plastic Shoes,2022-03-19,08:38:48
